,Academic_Year,Current_Medical_Field_En,Current_Program_Name_En
324,2018,Medicine and Surgery,Obstetrics & Gynecology
750,2017,Medicine and Surgery,Pediatric Cardiology
751,2018,Medicine and Surgery,Pediatric Cardiology
752,2019,Medicine and Surgery,Pediatric Cardiology
822,2016,Medicine and Surgery,Pediatric Allergy And Immunology
823,2017,Medicine and Surgery,Pediatric Allergy And Immunology
852,2020,Medicine and Surgery,Family Medicine – 3 Years Track
853,2021,Medicine and Surgery,Family Medicine – 3 Years Track
859,2019,Medicine and Surgery,Hepatobiliary-Pancreatic Surgery
860,2020,Medicine and Surgery,Hepatobiliary-Pancreatic Surgery
863,2016,Medicine and Surgery,Hepatobiliary-Pancreatic Surgery
867,2016,Medicine and Surgery,Epilepsy & Electroencephalography
929,2016,Medicine and Surgery,Clinical Genetics & Metabolic Disorders
942,2016,Medicine and Surgery,Thoracic Surgery
985,2016,Medicine and Surgery,Gynecology Oncology
986,2017,Medicine and Surgery,Gynecology Oncology
1020,2016,Unknown,Nuclear Medicine
1024,2016,Medicine and Surgery,Palliative Medicine
1027,2016,Medicine and Surgery,Maternal Fetal Medicine
1034,2016,Medicine and Surgery,Breast And Endocrine Surgical Oncology
1047,2016,Medicine and Surgery,Adult Echocardiography
1050,2016,Medicine and Surgery,Pediatric Medicine
1055,2018,Medicine and Surgery,Adult Echocardiography
1056,2017,Medicine and Surgery,Military Field Medicine
1058,2016,Medicine and Surgery,Military Field Medicine
1059,2016,Medicine and Surgery,Musculoskeletal Imaging
1060,2016,Medicine and Surgery,Women Image
1062,2016,Medicine and Surgery,Ultrasound In Obstetrics & Gynecology
1076,2016,Medicine and Surgery,Gastroenterology
1077,2017,Medicine and Surgery,Gastroenterology
1078,2018,Medicine and Surgery,Gastroenterology
1079,2022,Medicine and Surgery,Gastroenterology
1081,2017,Medicine and Surgery,Adults Respiratory Medicine
1082,2018,Medicine and Surgery,Adults Respiratory Medicine
1083,2016,Medicine and Surgery,Adults Respiratory Medicine
1084,2022,Medicine and Surgery,Adults Respiratory Medicine
1085,2016,Dentistry and Related Specialties,Family Dentistry
1086,2017,Dentistry and Related Specialties,Family Dentistry
1087,2021,Dentistry and Related Specialties,Family Dentistry
1089,2017,Medicine and Surgery,Epilepsy & Electroencephalography
1092,2017,Medicine and Surgery,Clinical Genetics & Metabolic Disorders
1093,2016,Medicine and Surgery,Vascular Surgery
1094,2017,Medicine and Surgery,Vascular Surgery
1095,2018,Medicine and Surgery,Vascular Surgery
1099,2016,Medicine and Surgery,Anesthesia
1100,2017,Medicine and Surgery,Anesthesia
1101,2018,Medicine and Surgery,Anesthesia
1102,2020,Medicine and Surgery,Anesthesia
1103,2021,Medicine and Surgery,Anesthesia
1104,2019,Medicine and Surgery,Anesthesia
1105,2017,Medicine and Surgery,Infection Control
1107,2018,Medicine and Surgery,Infection Control
1109,2017,Medicine and Surgery,Ultrasound In Obstetrics & Gynecology
1110,2017,Medicine and Surgery,Neuro-Ophthalmology
1111,2018,Medicine and Surgery,Neuro-Ophthalmology
1112,2016,Medicine and Surgery,Neuro-Ophthalmology
1113,2019,Medicine and Surgery,Neuro-Ophthalmology
1114,2018,Medicine and Surgery,Emergency Medicine Diploma
1115,2019,Medicine and Surgery,Emergency Medicine Diploma
1120,2020,Medicine and Surgery,Emergency Medicine Diploma
1121,2018,Medicine and Surgery,Ultrasound In Obstetrics & Gynecology
1128,2017,Medicine and Surgery,Obstetrics & Gynecology
1131,2019,Medicine and Surgery,Obstetrics & Gynecology
1132,2020,Medicine and Surgery,Obstetrics & Gynecology
1133,2021,Medicine and Surgery,Obstetrics & Gynecology
1174,2017,Medicine and Surgery,Diagnostic Radiology
1175,2018,Medicine and Surgery,Diagnostic Radiology
1176,2019,Medicine and Surgery,Diagnostic Radiology
1177,2020,Medicine and Surgery,Diagnostic Radiology
1178,2021,Medicine and Surgery,Diagnostic Radiology
1179,2017,Dentistry and Related Specialties,Periodontics
1181,2018,Dentistry and Related Specialties,Periodontics
1182,2019,Dentistry and Related Specialties,Periodontics
1183,2020,Dentistry and Related Specialties,Periodontics
1192,2017,Medicine and Surgery,Pediatric Medicine
1193,2018,Medicine and Surgery,Pediatric Medicine
1194,2019,Medicine and Surgery,Pediatric Medicine
1195,2020,Medicine and Surgery,Pediatric Medicine
1209,2021,Medicine and Surgery,Pediatric Medicine
1218,2017,Medicine and Surgery,Pediatric Neurology
1219,2018,Medicine and Surgery,Pediatric Neurology
1220,2019,Medicine and Surgery,Pediatric Neurology
1221,2017,Medicine and Surgery,Psychiatry
1222,2018,Medicine and Surgery,Psychiatry
1223,2019,Medicine and Surgery,Psychiatry
1224,2020,Medicine and Surgery,Psychiatry
1225,2017,Medicine and Surgery,General Surgery
1226,2018,Medicine and Surgery,General Surgery
1227,2019,Medicine and Surgery,General Surgery
1228,2020,Medicine and Surgery,General Surgery
1229,2021,Medicine and Surgery,General Surgery
1242,2017,Medicine and Surgery,Orthopedic Surgery
1243,2018,Medicine and Surgery,Orthopedic Surgery
1244,2019,Medicine and Surgery,Orthopedic Surgery
1245,2020,Medicine and Surgery,Orthopedic Surgery
1246,2021,Medicine and Surgery,Orthopedic Surgery
1247,2017,Medicine and Surgery,Preventive Medicine
1248,2018,Medicine and Surgery,Preventive Medicine
1249,2020,Medicine and Surgery,Preventive Medicine
1250,2021,Medicine and Surgery,Preventive Medicine
1256,2016,Nursing and Midwifery,Adult Critical Care Nursing Diploma
1257,2017,Medicine and Surgery,Forensic Medicine
1258,2017,Medicine and Surgery,Family Medicine
1259,2018,Medicine and Surgery,Family Medicine
1260,2019,Medicine and Surgery,Family Medicine
1261,2020,Medicine and Surgery,Family Medicine
1266,2017,Medicine and Surgery,Family Medicine – 3 Years Track
1269,2017,Nursing and Midwifery,Cardiac Care Nursing Diploma
1270,2018,Nursing and Midwifery,Cardiac Care Nursing Diploma
1271,2017,Medicine and Surgery,Emergency Medicine
1272,2018,Medicine and Surgery,Emergency Medicine
1273,2019,Medicine and Surgery,Emergency Medicine
1274,2020,Medicine and Surgery,Emergency Medicine
1275,2017,Medicine and Surgery,Internal Medicine
1276,2018,Medicine and Surgery,Internal Medicine
1277,2019,Medicine and Surgery,Internal Medicine
1278,2020,Medicine and Surgery,Internal Medicine
1310,2017,Medicine and Surgery,Physical Medicine And Rehabilitation
1313,2018,Dentistry and Related Specialties,Endodontics - 3 Years Track
1314,2019,Dentistry and Related Specialties,Endodontics - 3 Years Track
1315,2020,Dentistry and Related Specialties,Endodontics - 3 Years Track
1323,2021,Medicine and Surgery,Family Medicine
1328,2018,Laboratories and Medical Technology,Saudi Diploma In Blood Banking And Transfusion
1329,2019,Laboratories and Medical Technology,Saudi Diploma In Blood Banking And Transfusion
1333,2021,Medicine and Surgery,Psychiatry
1343,2019,Medicine and Surgery,Preventive Medicine
1348,2021,Pharmacists and Pharmacy Technicians,Clinical Pharmacy - Parental Nutrition
1349,2018,Pharmacists and Pharmacy Technicians,Clinical Pharmacy - Parental Nutrition
1350,2019,Pharmacists and Pharmacy Technicians,Clinical Pharmacy - Parental Nutrition
1351,2018,Pharmacists and Pharmacy Technicians,Clinical Pharmacy - Oncology
1352,2019,Pharmacists and Pharmacy Technicians,Clinical Pharmacy - Oncology
1353,2021,Pharmacists and Pharmacy Technicians,Clinical Pharmacy - Oncology
1361,2021,Medicine and Surgery,Internal Medicine
1362,2018,Nursing and Midwifery,Adult Critical Care Nursing Diploma
1363,2019,Nursing and Midwifery,Adult Critical Care Nursing Diploma
1364,2018,Nursing and Midwifery,Emergency Nursing Diploma
1365,2019,Nursing and Midwifery,Emergency Nursing Diploma
1430,2018,Pharmacists and Pharmacy Technicians,Clinical Pharmacy
1431,2019,Pharmacists and Pharmacy Technicians,Clinical Pharmacy
1432,2020,Medicine and Surgery,Urology
1433,2021,Medicine and Surgery,Urology
1434,2018,Medicine and Surgery,Urology
1435,2019,Medicine and Surgery,Urology
1445,2021,Medicine and Surgery,Emergency Medicine
1526,2018,Nursing and Midwifery,Oncology Nursing Diploma
1527,2019,Nursing and Midwifery,Oncology Nursing Diploma
1544,2020,Medicine and Surgery,Anatomic Pathology
1545,2021,Medicine and Surgery,Anatomic Pathology
1546,2018,Medicine and Surgery,Anatomic Pathology
1547,2019,Medicine and Surgery,Anatomic Pathology
1552,2018,Laboratories and Medical Technology,Saudi Diploma In Audiology
1553,2019,Laboratories and Medical Technology,Saudi Diploma In Audiology
1554,2020,Laboratories and Medical Technology,Saudi Diploma In Audiology
1569,2018,Medicine and Surgery,Cardiac Surgery
1570,2019,Medicine and Surgery,Cardiac Surgery
1571,2020,Medicine and Surgery,Cardiac Surgery
1572,2021,Medicine and Surgery,Cardiac Surgery
1633,2018,Medicine and Surgery,Family Medicine – 3 Years Track
1634,2019,Medicine and Surgery,Family Medicine – 3 Years Track
1677,2018,Nursing and Midwifery,Midwifery Nursing Diploma
1678,2019,Nursing and Midwifery,Midwifery Nursing Diploma
1690,2019,Nursing and Midwifery,Cardiac Care Nursing Diploma
1779,2018,Medicine and Surgery,Neurology - 5 Years Track
1780,2019,Medicine and Surgery,Neurology - 5 Years Track
1781,2020,Medicine and Surgery,Neurology - 5 Years Track
1804,2018,Dentistry and Related Specialties,Pediatric Dentistry
1805,2019,Dentistry and Related Specialties,Pediatric Dentistry
1806,2020,Dentistry and Related Specialties,Pediatric Dentistry
1812,2018,Medicine and Surgery,Dermatology
1813,2019,Medicine and Surgery,Dermatology
1814,2020,Medicine and Surgery,Dermatology
1815,2021,Medicine and Surgery,Dermatology
1822,2018,Medicine and Surgery,Adult Critical Care Medicine - Residency
1823,2019,Medicine and Surgery,Adult Critical Care Medicine - Residency
1824,2020,Medicine and Surgery,Adult Critical Care Medicine - Residency
1825,2021,Medicine and Surgery,Adult Critical Care Medicine - Residency
1899,2018,Pharmacists and Pharmacy Technicians,Clinical Pharmacy - Critical Care
1900,2019,Pharmacists and Pharmacy Technicians,Clinical Pharmacy - Critical Care
1901,2022,Pharmacists and Pharmacy Technicians,Clinical Pharmacy - Critical Care
1955,2020,Nursing and Midwifery,Emergency Nursing Diploma
1981,2022,Pharmacists and Pharmacy Technicians,Clinical Pharmacy - Cardiology
1982,2018,Pharmacists and Pharmacy Technicians,Clinical Pharmacy - Cardiology
1983,2019,Pharmacists and Pharmacy Technicians,Clinical Pharmacy - Cardiology
2045,2021,Dentistry and Related Specialties,Periodontics
2057,2018,Dentistry and Related Specialties,Prosthodontics
2058,2019,Dentistry and Related Specialties,Prosthodontics
2059,2020,Dentistry and Related Specialties,Prosthodontics
2060,2018,Dentistry and Related Specialties,Restorative Dentistry
2061,2019,Dentistry and Related Specialties,Restorative Dentistry
2062,2020,Dentistry and Related Specialties,Restorative Dentistry
2088,2020,Nursing and Midwifery,Oncology Nursing Diploma
2166,2018,Medicine and Surgery,Oral Medicine And Pathology
2167,2019,Medicine and Surgery,Oral Medicine And Pathology
2168,2020,Medicine and Surgery,Oral Medicine And Pathology
2169,2021,Medicine and Surgery,Oral Medicine And Pathology
2221,2018,Pharmacists and Pharmacy Technicians,Clinical Pharmacy - Internal Medicine
2222,2019,Pharmacists and Pharmacy Technicians,Clinical Pharmacy - Internal Medicine
2223,2022,Pharmacists and Pharmacy Technicians,Clinical Pharmacy - Internal Medicine
2238,2018,Dentistry and Related Specialties,Orthodontics And Dentofacial Orthopedics
2239,2019,Dentistry and Related Specialties,Orthodontics And Dentofacial Orthopedics
2240,2020,Dentistry and Related Specialties,Orthodontics And Dentofacial Orthopedics
2241,2021,Dentistry and Related Specialties,Orthodontics And Dentofacial Orthopedics
2270,2018,Medicine and Surgery,Physical Medicine And Rehabilitation
2271,2019,Medicine and Surgery,Physical Medicine And Rehabilitation
2272,2020,Medicine and Surgery,Physical Medicine And Rehabilitation
2273,2021,Medicine and Surgery,Physical Medicine And Rehabilitation
2300,2021,Medicine and Surgery,Neurology - 5 Years Track
2324,2018,Nursing and Midwifery,Advanced Nursing Practice Diploma In Neonatal Intensive Care
2325,2019,Nursing and Midwifery,Advanced Nursing Practice Diploma In Neonatal Intensive Care
2561,2018,Medicine and Surgery,Ophthalmology
2562,2019,Medicine and Surgery,Ophthalmology
2563,2020,Medicine and Surgery,Ophthalmology
2564,2021,Medicine and Surgery,Ophthalmology
2827,2018,Medicine and Surgery,Clinical Neurosurgery
2897,2020,Medicine and Surgery,Pediatric Neurology
2901,2021,Medicine and Surgery,Pediatric Neurology
2903,2020,Medicine and Surgery,Clinical Neurosurgery
2904,2021,Medicine and Surgery,Clinical Neurosurgery
2905,2019,Medicine and Surgery,Clinical Neurosurgery
2906,2018,Medicine and Surgery,Forensic Medicine
2907,2019,Medicine and Surgery,Forensic Medicine
2908,2020,Medicine and Surgery,Forensic Medicine
2909,2021,Medicine and Surgery,Forensic Medicine
3481,2020,Nursing and Midwifery,Midwifery Nursing Diploma
3666,2019,Pharmacists and Pharmacy Technicians,Clinical Pharmacy In Infectious Diseases
3667,2020,Pharmacists and Pharmacy Technicians,Clinical Pharmacy In Infectious Diseases
3668,2022,Pharmacists and Pharmacy Technicians,Clinical Pharmacy In Infectious Diseases
3670,2020,Pharmacists and Pharmacy Technicians,Clinical Pharmacy
3782,2020,Pharmacists and Pharmacy Technicians,Clinical Pharmacy - Oncology
3783,2022,Pharmacists and Pharmacy Technicians,Clinical Pharmacy - Oncology
3996,2019,Pharmacists and Pharmacy Technicians,Clinical Pharmacy - Drug Information
3997,2020,Pharmacists and Pharmacy Technicians,Clinical Pharmacy - Drug Information
3998,2022,Pharmacists and Pharmacy Technicians,Clinical Pharmacy - Drug Information
4000,2020,Pharmacists and Pharmacy Technicians,Clinical Pharmacy - Critical Care
4016,2019,Medicine and Surgery,Ultrasound In Obstetrics & Gynecology
4044,2020,Nursing and Midwifery,Adult Critical Care Nursing Diploma
4166,2020,Nursing and Midwifery,Advanced Nursing Practice Diploma In Neonatal Intensive Care
4191,2019,Medicine and Surgery,Otorhinolaryngology Head And Neck Surgery
4192,2020,Medicine and Surgery,Otorhinolaryngology Head And Neck Surgery
4193,2021,Medicine and Surgery,Otorhinolaryngology Head And Neck Surgery
4236,2021,Dentistry and Related Specialties,Pediatric Dentistry
4309,2021,Dentistry and Related Specialties,Restorative Dentistry
4871,2020,Medicine and Surgery,Pediatric Surgery - Residency
4872,2019,Medicine and Surgery,Pediatric Surgery - Residency
5483,2019,Dentistry and Related Specialties,Oral Maxillofacial Surgery
5484,2020,Dentistry and Related Specialties,Oral Maxillofacial Surgery
5485,2021,Dentistry and Related Specialties,Oral Maxillofacial Surgery
5519,2019,Dentistry and Related Specialties,Prosthodontics - 3 Years Track
5520,2020,Dentistry and Related Specialties,Prosthodontics - 3 Years Track
5521,2021,Dentistry and Related Specialties,Prosthodontics - 3 Years Track
5551,2021,Dentistry and Related Specialties,Endodontics - 3 Years Track
5619,2021,Medicine and Surgery,Pediatric Surgery - Residency
5820,2019,Dentistry and Related Specialties,Family Dentistry
5821,2020,Dentistry and Related Specialties,Family Dentistry
5993,2019,Medicine and Surgery,Infection Control
6243,2020,Pharmacists and Pharmacy Technicians,Clinical Pharmacy - Internal Medicine
6245,2022,Pharmacists and Pharmacy Technicians,Clinical Pharmacy - Pediatric
6246,2019,Pharmacists and Pharmacy Technicians,Clinical Pharmacy - Pediatric
6247,2020,Pharmacists and Pharmacy Technicians,Clinical Pharmacy - Pediatric
6283,2020,Nursing and Midwifery,Cardiac Care Nursing Diploma
6295,2019,Medicine and Surgery,Plastic And Reconstrucrive Surgery
6296,2020,Medicine and Surgery,Plastic And Reconstrucrive Surgery
6297,2021,Medicine and Surgery,Plastic And Reconstrucrive Surgery
6628,2020,Pharmacists and Pharmacy Technicians,Clinical Pharmacy - Cardiology
6832,2019,Medicine and Surgery,Radiation Oncology
6833,2020,Medicine and Surgery,Radiation Oncology
6834,2021,Medicine and Surgery,Radiation Oncology
7671,2019,Dentistry and Related Specialties,Advanced Education In General Dentistry Diploma
7672,2020,Dentistry and Related Specialties,Advanced Education In General Dentistry Diploma
7771,2019,Medicine and Surgery,Saudi Postgraduate Diploma In Emergency Medicine
7772,2020,Medicine and Surgery,Saudi Postgraduate Diploma In Emergency Medicine
7779,2021,Nursing and Midwifery,Emergency Nursing Diploma
7781,2021,Nursing and Midwifery,Advanced Nursing Practice Diploma In Neonatal Intensive Care
7795,2021,Nursing and Midwifery,Cardiac Care Nursing Diploma
7802,2021,Nursing and Midwifery,Oncology Nursing Diploma
7810,2020,Dentistry and Related Specialties,Restorative Dentistry - 3 Years Track
7811,2021,Dentistry and Related Specialties,Restorative Dentistry - 3 Years Track
7835,2021,Pharmacists and Pharmacy Technicians,Clinical Pharmacy
7908,2020,Dentistry and Related Specialties,Pediatric Dentistry - 3 Years Track
7909,2021,Dentistry and Related Specialties,Pediatric Dentistry - 3 Years Track
8066,2021,Nursing and Midwifery,Adult Critical Care Nursing Diploma
8103,2021,Laboratories and Medical Technology,Saudi Diploma In Audiology
8623,2021,Nursing and Midwifery,Midwifery Nursing Diploma
9265,2020,Laboratories and Medical Technology,Radiology Technology & Medical Imaging
9266,2021,Laboratories and Medical Technology,Radiology Technology & Medical Imaging
11499,2021,Dentistry and Related Specialties,Orthodontics And Dentofacial Orthopedics - 3 Years Track
11557,2021,Dentistry and Related Specialties,Endodontics
11876,2021,Laboratories and Medical Technology,Saudi Diploma In Blood Banking And Transfusion
14099,2021,Medicine and Surgery,Pediatric Cardiology
14100,2022,Medicine and Surgery,Pediatric Cardiology
14396,2017,Medicine and Surgery,Adult Critical Care Medicine - Residency
14415,2018,Dentistry and Related Specialties,Advanced Education In General Dentistry Diploma
14450,2020,Medicine and Surgery,Ultrasound In Obstetrics & Gynecology
14456,2021,Medicine and Surgery,Saudi Postgraduate Diploma In Emergency Medicine
14532,2019,Dentistry and Related Specialties,Pediatric Dentistry - 3 Years Track
14774,2021,Medicine and Surgery,Pediatrics Intensive Care - 3 Years Track
14775,2019,Medicine and Surgery,Pediatrics Intensive Care - 3 Years Track
14776,2020,Medicine and Surgery,Pediatrics Intensive Care - 3 Years Track
14778,2021,Nursing and Midwifery,Home Care Nursing Diploma
14791,2021,Pharmacists and Pharmacy Technicians,Clinical Pharmacy - Critical Care
14792,2021,Pharmacists and Pharmacy Technicians,Clinical Pharmacy In Infectious Diseases
14793,2018,Pharmacists and Pharmacy Technicians,Clinical Pharmacy In Infectious Diseases
14967,2018,Pharmacists and Pharmacy Technicians,Clinical Pharmacy - Pediatric
14969,2021,Pharmacists and Pharmacy Technicians,Clinical Pharmacy - Pediatric
14977,2018,Medicine and Surgery,Palliative Medicine
14978,2019,Medicine and Surgery,Palliative Medicine
14980,2020,Medicine and Surgery,Adults Respiratory Medicine
14981,2021,Medicine and Surgery,Adults Respiratory Medicine
15001,2018,Medicine and Surgery,Otorhinolaryngology Head And Neck Surgery
15073,2017,Medicine and Surgery,Adult Critical Care Medicine - Fellowship
15074,2018,Medicine and Surgery,Adult Critical Care Medicine - Fellowship
15077,2017,Medicine and Surgery,Pediatric Radiology
15078,2018,Medicine and Surgery,Pediatric Radiology
15079,2016,Medicine and Surgery,Orthopedic Surgery
15084,2018,Medicine and Surgery,Adult Cardiology
15085,2019,Medicine and Surgery,Adult Cardiology
15086,2020,Medicine and Surgery,Adult Cardiology
15093,2016,Medicine and Surgery,Diagnostic Radiology
15098,2017,Medicine and Surgery,Pediatrics Emergency Medicine
15099,2018,Medicine and Surgery,Pediatrics Emergency Medicine
15100,2016,Medicine and Surgery,Otorhinolaryngology Head And Neck Surgery
15101,2017,Medicine and Surgery,Otorhinolaryngology Head And Neck Surgery
15105,2016,Medicine and Surgery,Adults Infectious Diseases
15106,2017,Medicine and Surgery,Adults Infectious Diseases
15107,2018,Medicine and Surgery,Adults Infectious Diseases
15108,2019,Medicine and Surgery,Adults Infectious Diseases
15109,2021,Medicine and Surgery,Adults Infectious Diseases
15110,2022,Medicine and Surgery,Adults Infectious Diseases
15111,2016,Medicine and Surgery,Adults Endocrinology
15112,2017,Medicine and Surgery,Adults Endocrinology
15113,2018,Medicine and Surgery,Adults Endocrinology
15114,2019,Medicine and Surgery,Adults Endocrinology
15115,2021,Medicine and Surgery,Adults Endocrinology
15116,2022,Medicine and Surgery,Adults Endocrinology
15117,2021,Medicine and Surgery,Gastroenterology
15122,2019,Medicine and Surgery,Gastroenterology
15123,2016,Medicine and Surgery,Internal Medicine
15129,2016,Medicine and Surgery,Obstetrics & Gynecology
15134,2016,Medicine and Surgery,General Surgery
15144,2016,Medicine and Surgery,Family Medicine
15151,2016,Medicine and Surgery,Pediatric Anesthesia
15152,2019,Medicine and Surgery,Pediatric Anesthesia
15153,2017,Medicine and Surgery,Pediatric Anesthesia
15154,2018,Medicine and Surgery,Pediatric Anesthesia
15155,2021,Medicine and Surgery,Pediatric Anesthesia
15156,2022,Medicine and Surgery,Pediatric Anesthesia
15165,2016,Medicine and Surgery,Community Medicine
15167,2017,Medicine and Surgery,Community Medicine
15168,2018,Medicine and Surgery,Community Medicine
15169,2020,Medicine and Surgery,Gastroenterology
15177,2016,Medicine and Surgery,Adult Critical Care Medicine - Fellowship
15180,2020,Medicine and Surgery,Adult Critical Care Medicine - Fellowship
15181,2021,Medicine and Surgery,Adult Critical Care Medicine - Fellowship
15184,2016,Pharmacists and Pharmacy Technicians,Clinical Pharmacy - Oncology
15199,2017,Medicine and Surgery,Adult Echocardiography
15206,2016,Dentistry and Related Specialties,Restorative Dentistry
15207,2017,Dentistry and Related Specialties,Restorative Dentistry
15209,2020,Medicine and Surgery,Pediatric Cardiology
15213,2016,Medicine and Surgery,Pediatric Cardiology
15223,2016,Medicine and Surgery,Pediatric Rheumatology
15226,2017,Medicine and Surgery,Pediatric Rheumatology
15227,2019,Medicine and Surgery,Pediatric Rheumatology
15228,2020,Medicine and Surgery,Pediatric Rheumatology
15229,2016,Medicine and Surgery,Pediatric Hematology And Oncology
15232,2017,Medicine and Surgery,Pediatric Hematology And Oncology
15233,2019,Medicine and Surgery,Pediatric Hematology And Oncology
15234,2020,Medicine and Surgery,Pediatric Hematology And Oncology
15235,2021,Medicine and Surgery,Pediatric Hematology And Oncology
15241,2020,Medicine and Surgery,Adults Infectious Diseases
15244,2016,Medicine and Surgery,Pediatric Endocrinology
15245,2017,Medicine and Surgery,Pediatric Endocrinology
15246,2019,Medicine and Surgery,Pediatric Endocrinology
15247,2020,Medicine and Surgery,Pediatric Endocrinology
15248,2019,Medicine and Surgery,Pediatrics Infectious Diseases
15249,2020,Medicine and Surgery,Pediatrics Infectious Diseases
15250,2016,Medicine and Surgery,Pediatrics Infectious Diseases
15253,2017,Medicine and Surgery,Pediatrics Infectious Diseases
15256,2016,Medicine and Surgery,Pediatrics Intensive Care - 3 Years Track
15257,2017,Medicine and Surgery,Pediatrics Intensive Care - 3 Years Track
15259,2022,Medicine and Surgery,Pediatrics Intensive Care - 3 Years Track
15279,2019,Medicine and Surgery,Pediatrics Emergency Medicine
15280,2018,Medicine and Surgery,Pediatrics Intensive Care - 3 Years Track
15289,2016,Medicine and Surgery,Pediatrics Emergency Medicine
15308,2016,Medicine and Surgery,Perinatal Neonatal Medicine
15310,2018,Medicine and Surgery,Perinatal Neonatal Medicine
15311,2019,Medicine and Surgery,Perinatal Neonatal Medicine
15322,2016,Medicine and Surgery,Nephrology
15326,2019,Medicine and Surgery,Nephrology
15327,2020,Medicine and Surgery,Nephrology
15331,2016,Medicine and Surgery,Cardiothoracic Radiology
15332,2018,Medicine and Surgery,Cardiothoracic Radiology
15333,2019,Medicine and Surgery,Cardiothoracic Radiology
15338,2019,Medicine and Surgery,Pediatrics Respiratory Medicine
15343,2019,Medicine and Surgery,Adult Critical Care Medicine - Fellowship
15348,2016,Medicine and Surgery,Vascular And Interventional Radiology
15349,2019,Medicine and Surgery,Vascular And Interventional Radiology
15350,2020,Medicine and Surgery,Vascular And Interventional Radiology
15361,2018,Medicine and Surgery,Respiratory Medicine
15362,2019,Medicine and Surgery,Respiratory Medicine
15364,2016,Medicine and Surgery,Anesthesia And Intensive Care
15366,2017,Medicine and Surgery,Anesthesia And Intensive Care
15367,2018,Medicine and Surgery,Anesthesia And Intensive Care
15368,2019,Medicine and Surgery,Anesthesia And Intensive Care
15374,2016,Medicine and Surgery,Pain Medicine
15377,2019,Medicine and Surgery,Pain Medicine
15378,2020,Medicine and Surgery,Pain Medicine
15384,2018,Medicine and Surgery,Pediatric Surgery - Fellowship
15385,2019,Medicine and Surgery,Pediatric Surgery - Fellowship
15386,2020,Medicine and Surgery,Pediatric Surgery - Fellowship
15396,2018,Medicine and Surgery,Pediatrics Infectious Diseases
15405,2020,Medicine and Surgery,Perinatal Neonatal Medicine
15449,2016,Medicine and Surgery,Adult Cardiology
15454,2016,Medicine and Surgery,Respiratory Medicine
15455,2020,Medicine and Surgery,Adult Echocardiography
15465,2017,Medicine and Surgery,Reproductive Medicine & Surgery
15467,2016,Medicine and Surgery,Reproductive Medicine & Surgery
15469,2017,Medicine and Surgery,Nephrology
15470,2017,Nursing and Midwifery,Oncology Nursing Diploma
15526,2016,Medicine and Surgery,Women's Health
15527,2017,Medicine and Surgery,Women's Health
15528,2018,Medicine and Surgery,Women's Health
15529,2019,Medicine and Surgery,Women's Health
15530,2022,Medicine and Surgery,Women's Health
15531,2016,Medicine and Surgery,Emergency Medicine
15539,2022,Medicine and Surgery,Adult Critical Care Medicine - Fellowship
15546,2017,Medicine and Surgery,Vascular And Interventional Radiology
15550,2017,Medicine and Surgery,Emergency Medicine Diploma
15554,2018,Medicine and Surgery,Pediatric Hematology And Oncology
15561,2017,Medicine and Surgery,Diagnostic Neuroradiology
15562,2018,Medicine and Surgery,Diagnostic Neuroradiology
15563,2019,Medicine and Surgery,Diagnostic Neuroradiology
15564,2020,Medicine and Surgery,Diagnostic Neuroradiology
15565,2022,Medicine and Surgery,Diagnostic Neuroradiology
15567,2018,Medicine and Surgery,Vascular And Interventional Radiology
15570,2022,Medicine and Surgery,Vascular And Interventional Radiology
15571,2017,Medicine and Surgery,Musculoskeletal Imaging
15572,2018,Medicine and Surgery,Musculoskeletal Imaging
15573,2019,Medicine and Surgery,Musculoskeletal Imaging
15574,2020,Medicine and Surgery,Musculoskeletal Imaging
15575,2022,Medicine and Surgery,Musculoskeletal Imaging
15578,2017,Medicine and Surgery,Perinatal Neonatal Medicine
15580,2022,Medicine and Surgery,Perinatal Neonatal Medicine
15586,2022,Medicine and Surgery,Pediatric Hematology And Oncology
15596,2021,Unknown,Cardiac Electrophysiology & Pacing
15597,2016,Unknown,Cardiac Electrophysiology & Pacing
15598,2017,Unknown,Cardiac Electrophysiology & Pacing
15599,2018,Unknown,Cardiac Electrophysiology & Pacing
15600,2016,Medicine and Surgery,Diabetes
15601,2017,Medicine and Surgery,Diabetes
15602,2018,Medicine and Surgery,Diabetes
15603,2019,Medicine and Surgery,Diabetes
15604,2022,Medicine and Surgery,Diabetes
15618,2017,Medicine and Surgery,Adult Cardiology
15621,2022,Medicine and Surgery,Adult Cardiology
15655,2018,Medicine and Surgery,Nephrology
15657,2021,Medicine and Surgery,Nephrology
15658,2022,Medicine and Surgery,Nephrology
15663,2021,Medicine and Surgery,Adult Cardiology
15685,2022,Medicine and Surgery,Pediatrics Emergency Medicine
15686,2021,Medicine and Surgery,Pediatrics Emergency Medicine
15687,2016,Medicine and Surgery,Pediatric Gastroenterology
15688,2017,Medicine and Surgery,Pediatric Gastroenterology
15689,2018,Medicine and Surgery,Pediatric Gastroenterology
15690,2019,Medicine and Surgery,Pediatric Gastroenterology
15691,2021,Medicine and Surgery,Pediatric Gastroenterology
15692,2022,Medicine and Surgery,Pediatric Gastroenterology
15718,2018,Medicine and Surgery,Pediatric Rheumatology
15720,2022,Medicine and Surgery,Pediatric Rheumatology
15726,2021,Medicine and Surgery,Pediatrics Respiratory Medicine
15727,2022,Medicine and Surgery,Pediatrics Respiratory Medicine
15728,2016,Medicine and Surgery,Pediatrics Respiratory Medicine
15729,2017,Medicine and Surgery,Pediatrics Respiratory Medicine
15730,2018,Medicine and Surgery,Pediatrics Respiratory Medicine
15753,2021,Medicine and Surgery,Pediatrics Infectious Diseases
15754,2022,Medicine and Surgery,Pediatrics Infectious Diseases
15755,2021,Medicine and Surgery,Clinical Genetics & Metabolic Disorders
15756,2022,Medicine and Surgery,Clinical Genetics & Metabolic Disorders
15759,2018,Medicine and Surgery,Clinical Genetics & Metabolic Disorders
15760,2019,Medicine and Surgery,Clinical Genetics & Metabolic Disorders
15767,2016,Dentistry and Related Specialties,Prosthodontics
15768,2017,Dentistry and Related Specialties,Prosthodontics
15771,2016,Dentistry and Related Specialties,Endodontics
15772,2017,Dentistry and Related Specialties,Endodontics
15773,2018,Dentistry and Related Specialties,Endodontics
15774,2019,Dentistry and Related Specialties,Endodontics
15775,2016,Dentistry and Related Specialties,Orthodontics And Dentofacial Orthopedics
15776,2017,Dentistry and Related Specialties,Orthodontics And Dentofacial Orthopedics
15779,2016,Dentistry and Related Specialties,Pediatric Dentistry
15780,2017,Dentistry and Related Specialties,Pediatric Dentistry
15791,2017,Medicine and Surgery,Dermatology
15794,2016,Medicine and Surgery,Dermatology
15795,2016,Medicine and Surgery,Vascular Neurology (Stroke)
15796,2017,Medicine and Surgery,Vascular Neurology (Stroke)
15797,2018,Medicine and Surgery,Vascular Neurology (Stroke)
15798,2019,Medicine and Surgery,Vascular Neurology (Stroke)
15799,2020,Medicine and Surgery,Vascular Neurology (Stroke)
15800,2022,Medicine and Surgery,Vascular Neurology (Stroke)
15821,2016,Medicine and Surgery,Pediatric Orthopedic Surgery
15822,2017,Medicine and Surgery,Pediatric Orthopedic Surgery
15823,2018,Medicine and Surgery,Pediatric Orthopedic Surgery
15824,2019,Medicine and Surgery,Pediatric Orthopedic Surgery
15825,2020,Medicine and Surgery,Pediatric Orthopedic Surgery
15826,2022,Medicine and Surgery,Pediatric Orthopedic Surgery
15832,2016,Medicine and Surgery,Renal Transplant Surgery
15833,2020,Medicine and Surgery,Renal Transplant Surgery
15834,2017,Medicine and Surgery,Renal Transplant Surgery
15835,2018,Medicine and Surgery,Renal Transplant Surgery
15836,2019,Medicine and Surgery,Renal Transplant Surgery
15837,2022,Medicine and Surgery,Renal Transplant Surgery
15858,2016,Medicine and Surgery,Pediatric Surgery - Fellowship
15859,2017,Medicine and Surgery,Pediatric Surgery - Fellowship
15861,2021,Medicine and Surgery,Oculoplastic & Orbit
15862,2022,Medicine and Surgery,Oculoplastic & Orbit
15863,2016,Medicine and Surgery,Oculoplastic & Orbit
15864,2017,Medicine and Surgery,Oculoplastic & Orbit
15865,2018,Medicine and Surgery,Oculoplastic & Orbit
15866,2019,Medicine and Surgery,Oculoplastic & Orbit
15867,2016,Medicine and Surgery,Medical Retina & Uveitis
15868,2017,Medicine and Surgery,Medical Retina & Uveitis
15869,2018,Medicine and Surgery,Medical Retina & Uveitis
15870,2019,Medicine and Surgery,Medical Retina & Uveitis
15871,2021,Medicine and Surgery,Medical Retina & Uveitis
15872,2022,Medicine and Surgery,Medical Retina & Uveitis
15873,2021,Medicine and Surgery,Cornea/ External Disease
15874,2022,Medicine and Surgery,Cornea/ External Disease
15875,2016,Medicine and Surgery,Cornea/ External Disease
15876,2019,Medicine and Surgery,Cornea/ External Disease
15877,2017,Medicine and Surgery,Cornea/ External Disease
15878,2018,Medicine and Surgery,Cornea/ External Disease
15891,2016,Medicine and Surgery,Vitreoretinal Surgery
15892,2017,Medicine and Surgery,Vitreoretinal Surgery
15893,2018,Medicine and Surgery,Vitreoretinal Surgery
15894,2019,Medicine and Surgery,Vitreoretinal Surgery
15895,2021,Medicine and Surgery,Vitreoretinal Surgery
15896,2022,Medicine and Surgery,Vitreoretinal Surgery
15915,2022,Medicine and Surgery,Glaucoma
15916,2016,Medicine and Surgery,Glaucoma
15917,2017,Medicine and Surgery,Glaucoma
15918,2018,Medicine and Surgery,Glaucoma
15919,2019,Medicine and Surgery,Glaucoma
15925,2016,Medicine and Surgery,Urology
15926,2017,Medicine and Surgery,Urology
15930,2016,Medicine and Surgery,Musculoskeletal Oncology Fellowship
15931,2017,Medicine and Surgery,Musculoskeletal Oncology Fellowship
15932,2018,Medicine and Surgery,Musculoskeletal Oncology Fellowship
15933,2019,Medicine and Surgery,Musculoskeletal Oncology Fellowship
15934,2020,Medicine and Surgery,Musculoskeletal Oncology Fellowship
15935,2022,Medicine and Surgery,Musculoskeletal Oncology Fellowship
15948,2020,Medicine and Surgery,Pediatric Anesthesia
15955,2018,Medicine and Surgery,Reproductive Medicine & Surgery
15956,2019,Medicine and Surgery,Reproductive Medicine & Surgery
15957,2022,Medicine and Surgery,Reproductive Medicine & Surgery
15964,2017,Unknown,Nuclear Medicine
15965,2018,Unknown,Nuclear Medicine
15966,2019,Unknown,Nuclear Medicine
15967,2020,Unknown,Nuclear Medicine
15970,2022,Unknown,Nuclear Medicine
15979,2017,Medicine and Surgery,Cardiothoracic Radiology
15981,2021,Medicine and Surgery,Cardiothoracic Radiology
15982,2022,Medicine and Surgery,Cardiothoracic Radiology
15983,2016,Medicine and Surgery,Diagnostic Neuroradiology
15987,2021,Medicine and Surgery,Diagnostic Neuroradiology
15996,2016,Medicine and Surgery,Child And Adolescent Psychiatry
15997,2017,Medicine and Surgery,Child And Adolescent Psychiatry
15998,2018,Medicine and Surgery,Child And Adolescent Psychiatry
15999,2021,Medicine and Surgery,Child And Adolescent Psychiatry
16000,2022,Medicine and Surgery,Child And Adolescent Psychiatry
16028,2016,Medicine and Surgery,Adult Hematology
16029,2017,Medicine and Surgery,Adult Hematology
16030,2018,Medicine and Surgery,Adult Hematology
16031,2021,Medicine and Surgery,Adult Hematology
16032,2022,Medicine and Surgery,Adult Hematology
16037,2020,Medicine and Surgery,Adult Hematology
16118,2021,Medicine and Surgery,Diabetes
16132,2022,Medicine and Surgery,Oncology
16133,2016,Medicine and Surgery,Oncology
16135,2017,Medicine and Surgery,Oncology
16136,2018,Medicine and Surgery,Oncology
16186,2018,Medicine and Surgery,Epilepsy & Electroencephalography
16187,2022,Medicine and Surgery,Epilepsy & Electroencephalography
16192,2019,Medicine and Surgery,Epilepsy & Electroencephalography
16193,2021,Medicine and Surgery,Epilepsy & Electroencephalography
16211,2022,Medicine and Surgery,Adult Echocardiography
16261,2016,Medicine and Surgery,Rheumatology
16263,2017,Medicine and Surgery,Rheumatology
16264,2018,Medicine and Surgery,Rheumatology
16265,2020,Medicine and Surgery,Rheumatology
16266,2021,Medicine and Surgery,Rheumatology
16290,2022,Medicine and Surgery,Rheumatology
16294,2019,Medicine and Surgery,Rheumatology
16300,2018,Medicine and Surgery,Pediatric Allergy And Immunology
16301,2019,Medicine and Surgery,Pediatric Allergy And Immunology
16302,2021,Medicine and Surgery,Pediatric Allergy And Immunology
16303,2022,Medicine and Surgery,Pediatric Allergy And Immunology
16323,2021,Medicine and Surgery,Perinatal Neonatal Medicine
16377,2016,Medicine and Surgery,Pediatrics Nephrology
16379,2017,Medicine and Surgery,Pediatrics Nephrology
16380,2018,Medicine and Surgery,Pediatrics Nephrology
16381,2021,Medicine and Surgery,Pediatrics Nephrology
16382,2022,Medicine and Surgery,Pediatrics Nephrology
16383,2021,Medicine and Surgery,Pediatrics Intensive Care
16385,2016,Medicine and Surgery,Pediatrics Intensive Care
16386,2017,Medicine and Surgery,Pediatrics Intensive Care
16387,2018,Medicine and Surgery,Pediatrics Intensive Care
16446,2016,Medicine and Surgery,Pediatric Radiology
16462,2021,Medicine and Surgery,Vascular And Interventional Radiology
16464,2022,Medicine and Surgery,Pediatric Radiology
16468,2019,Medicine and Surgery,Pediatric Radiology
16469,2020,Medicine and Surgery,Pediatric Radiology
16482,2016,Medicine and Surgery,Body Imaging& Non-Vascular Intervention
16483,2017,Medicine and Surgery,Body Imaging& Non-Vascular Intervention
16484,2018,Medicine and Surgery,Body Imaging& Non-Vascular Intervention
16485,2019,Medicine and Surgery,Body Imaging& Non-Vascular Intervention
16486,2021,Medicine and Surgery,Body Imaging& Non-Vascular Intervention
16487,2022,Medicine and Surgery,Body Imaging& Non-Vascular Intervention
16492,2020,Medicine and Surgery,Cardiothoracic Radiology
16501,2017,Medicine and Surgery,Maternal Fetal Medicine
16502,2018,Medicine and Surgery,Maternal Fetal Medicine
16503,2019,Medicine and Surgery,Maternal Fetal Medicine
16504,2020,Medicine and Surgery,Maternal Fetal Medicine
16505,2022,Medicine and Surgery,Maternal Fetal Medicine
16508,2018,Medicine and Surgery,Gynecology Oncology
16509,2019,Medicine and Surgery,Gynecology Oncology
16510,2020,Medicine and Surgery,Gynecology Oncology
16511,2022,Medicine and Surgery,Gynecology Oncology
16567,2016,Medicine and Surgery,Psychiatry
16575,2021,Medicine and Surgery,Musculoskeletal Imaging
16673,2019,Medicine and Surgery,Adult Hematology
16760,2019,Medicine and Surgery,Oncology
16761,2021,Medicine and Surgery,Oncology
16831,2017,Medicine and Surgery,Palliative Medicine
16833,2021,Medicine and Surgery,Palliative Medicine
16834,2022,Medicine and Surgery,Palliative Medicine
16863,2021,Medicine and Surgery,Glaucoma
16871,2016,Medicine and Surgery,Pediatric Ophthalmology And Strabismus
16872,2017,Medicine and Surgery,Pediatric Ophthalmology And Strabismus
16873,2018,Medicine and Surgery,Pediatric Ophthalmology And Strabismus
16874,2022,Medicine and Surgery,Pediatric Ophthalmology And Strabismus
16875,2022,Medicine and Surgery,Pediatrics Urology
16877,2017,Medicine and Surgery,Pediatrics Urology
16878,2018,Medicine and Surgery,Pediatrics Urology
16879,2019,Medicine and Surgery,Pediatrics Urology
16880,2016,Medicine and Surgery,Pediatrics Urology
16906,2022,Medicine and Surgery,Pediatric Neurosurgery
16908,2016,Medicine and Surgery,Pediatric Neurosurgery
16909,2017,Medicine and Surgery,Pediatric Neurosurgery
16910,2018,Medicine and Surgery,Pediatric Neurosurgery
16911,2019,Medicine and Surgery,Pediatric Neurosurgery
16912,2020,Medicine and Surgery,Pediatric Neurosurgery
16913,2016,Dentistry and Related Specialties,Oral Maxillofacial Surgery
16915,2017,Dentistry and Related Specialties,Oral Maxillofacial Surgery
16916,2018,Dentistry and Related Specialties,Oral Maxillofacial Surgery
16939,2016,Medicine and Surgery,Colon And Rectal Surgery
16940,2017,Medicine and Surgery,Colon And Rectal Surgery
16941,2018,Medicine and Surgery,Colon And Rectal Surgery
16942,2019,Medicine and Surgery,Colon And Rectal Surgery
16943,2022,Medicine and Surgery,Colon And Rectal Surgery
17028,2019,Medicine and Surgery,Child And Adolescent Psychiatry
17029,2020,Medicine and Surgery,Child And Adolescent Psychiatry
17084,2020,Medicine and Surgery,Oncology
17124,2020,Medicine and Surgery,Adults Endocrinology
17154,2020,Medicine and Surgery,Pediatrics Emergency Medicine
17175,2020,Medicine and Surgery,Palliative Medicine
17184,2021,Medicine and Surgery,Maternal Fetal Medicine
17202,2016,Medicine and Surgery,Infertility-Andrology
17203,2017,Medicine and Surgery,Infertility-Andrology
17204,2022,Medicine and Surgery,Infertility-Andrology
17212,2021,Medicine and Surgery,Pediatrics Urology
17221,2021,Medicine and Surgery,Pediatric Neurosurgery
17259,2017,Medicine and Surgery,Adult Interventional Cardiology
17260,2018,Medicine and Surgery,Adult Interventional Cardiology
17261,2019,Medicine and Surgery,Adult Interventional Cardiology
17262,2022,Medicine and Surgery,Adult Interventional Cardiology
17303,2019,Medicine and Surgery,Adult Echocardiography
17390,2018,Medicine and Surgery,Pediatric Echocardioghraphy
17391,2019,Medicine and Surgery,Pediatric Echocardioghraphy
17392,2020,Medicine and Surgery,Pediatric Echocardioghraphy
17397,2021,Medicine and Surgery,Pediatric Echocardioghraphy
17459,2021,Medicine and Surgery,Pain Medicine
17460,2022,Medicine and Surgery,Pain Medicine
17567,2021,Medicine and Surgery,Gynecology Oncology
17620,2019,Unknown,Cardiac Electrophysiology & Pacing
17621,2020,Unknown,Cardiac Electrophysiology & Pacing
17629,2021,Medicine and Surgery,Pediatric Surgery - Fellowship
17630,2022,Medicine and Surgery,Pediatric Surgery - Fellowship
17636,2022,Medicine and Surgery,Vascular Surgery
17645,2017,Medicine and Surgery,Head And Neck Oncology Surgery
17646,2016,Medicine and Surgery,Head And Neck Oncology Surgery
17647,2019,Medicine and Surgery,Head And Neck Oncology Surgery
17648,2020,Medicine and Surgery,Head And Neck Oncology Surgery
17650,2016,Medicine and Surgery,Cardiac Anesthesia
17653,2017,Medicine and Surgery,Cardiac Anesthesia
17654,2019,Medicine and Surgery,Cardiac Anesthesia
17655,2020,Medicine and Surgery,Cardiac Anesthesia
17656,2021,Medicine and Surgery,Cardiac Anesthesia
17657,2022,Medicine and Surgery,Cardiac Anesthesia
17684,2020,Medicine and Surgery,Reproductive Medicine & Surgery
17685,2021,Medicine and Surgery,Reproductive Medicine & Surgery
17687,2016,Medicine and Surgery,Urogynecology And Pelvic Reconstructive Surgery
17689,2017,Medicine and Surgery,Urogynecology And Pelvic Reconstructive Surgery
17690,2018,Medicine and Surgery,Urogynecology And Pelvic Reconstructive Surgery
17692,2021,Medicine and Surgery,Urogynecology And Pelvic Reconstructive Surgery
17693,2022,Medicine and Surgery,Urogynecology And Pelvic Reconstructive Surgery
17766,2021,Medicine and Surgery,Pediatric Endocrinology
17767,2022,Medicine and Surgery,Pediatric Endocrinology
17928,2016,Medicine and Surgery,Pediatric Echocardioghraphy
17929,2017,Medicine and Surgery,Pediatric Echocardioghraphy
17933,2022,Medicine and Surgery,Pediatric Echocardioghraphy
17970,2017,Medicine and Surgery,Pain Medicine
17971,2018,Medicine and Surgery,Pain Medicine
18001,2018,Medicine and Surgery,Infertility-Andrology
18002,2021,Medicine and Surgery,Infertility-Andrology
18012,2022,Medicine and Surgery,Pediatric Rhino-Otolaryngology
18015,2016,Medicine and Surgery,Pediatric Rhino-Otolaryngology
18016,2017,Medicine and Surgery,Pediatric Rhino-Otolaryngology
18017,2018,Medicine and Surgery,Pediatric Rhino-Otolaryngology
18020,2016,Medicine and Surgery,"Cornea, External Eye Diseases And Refractive Surgery"
18021,2017,Medicine and Surgery,"Cornea, External Eye Diseases And Refractive Surgery"
18022,2018,Medicine and Surgery,"Cornea, External Eye Diseases And Refractive Surgery"
18023,2019,Medicine and Surgery,"Cornea, External Eye Diseases And Refractive Surgery"
18024,2019,Medicine and Surgery,Medical Retina And Uveitis
18025,2020,Medicine and Surgery,Medical Retina And Uveitis
18028,2016,Medicine and Surgery,Medical Retina And Uveitis
18029,2017,Medicine and Surgery,Medical Retina And Uveitis
18035,2020,Medicine and Surgery,"Cornea, External Eye Diseases And Refractive Surgery"
18048,2022,Medicine and Surgery,Adult & Pediatric Orthopedic Spinal Surgery
18050,2016,Medicine and Surgery,Adult & Pediatric Orthopedic Spinal Surgery
18052,2017,Medicine and Surgery,Adult & Pediatric Orthopedic Spinal Surgery
18053,2018,Medicine and Surgery,Adult & Pediatric Orthopedic Spinal Surgery
18086,2016,Medicine and Surgery,Adult Interventional Cardiology
18089,2020,Medicine and Surgery,Adult Interventional Cardiology
18090,2021,Medicine and Surgery,Adult Interventional Cardiology
18132,2021,Medicine and Surgery,Pediatric Rheumatology
18162,2021,Medicine and Surgery,Adult Echocardiography
18174,2020,Medicine and Surgery,Body Imaging& Non-Vascular Intervention
18196,2019,Medicine and Surgery,Adults Respiratory Medicine
18636,2022,Medicine and Surgery,Transplant Hepatology
18644,2022,Medicine and Surgery,Bone And Soft Tissue Pathology
18650,2022,Medicine and Surgery,Interventional Nephrology
18697,2022,Medicine and Surgery,Thoracic Surgery
18762,2021,Medicine and Surgery,Vascular Surgery
18865,2016,Medicine and Surgery,Ophthalmology
18866,2017,Medicine and Surgery,Ophthalmology
18894,2016,Medicine and Surgery,Neurology
18896,2017,Medicine and Surgery,Neurology
18953,2020,Medicine and Surgery,Neuro-Ophthalmology
18954,2021,Medicine and Surgery,Neuro-Ophthalmology
18960,2020,Medicine and Surgery,Glaucoma
18967,2016,Medicine and Surgery,Anatomic Pathology
18968,2017,Medicine and Surgery,Anatomic Pathology
18971,2020,Medicine and Surgery,Clinical Genetics & Metabolic Disorders
18977,2019,Medicine and Surgery,Pediatric Ophthalmology And Strabismus
18978,2020,Medicine and Surgery,Pediatric Ophthalmology And Strabismus
18984,2016,Medicine and Surgery,Pediatric Neurology
19019,2018,Medicine and Surgery,Oculoplastic And Orbit Surgery
19020,2019,Medicine and Surgery,Oculoplastic And Orbit Surgery
19024,2016,Medicine and Surgery,Oculoplastic And Orbit Surgery
19125,2020,Medicine and Surgery,Infertility-Andrology
19126,2019,Medicine and Surgery,Infertility-Andrology
19174,2021,Pharmacists and Pharmacy Technicians,Clinical Pharmacy - Cardiology
19237,2018,Medicine and Surgery,Neurology
19305,2017,Medicine and Surgery,Breast And Endocrine Surgical Oncology
19306,2018,Medicine and Surgery,Breast And Endocrine Surgical Oncology
19350,2016,Medicine and Surgery,Vitreoretinal Diseases And Surgery
19351,2017,Medicine and Surgery,Vitreoretinal Diseases And Surgery
19352,2019,Medicine and Surgery,Vitreoretinal Diseases And Surgery
19353,2020,Medicine and Surgery,Vitreoretinal Diseases And Surgery
19360,2016,Medicine and Surgery,Plastic And Reconstrucrive Surgery
19361,2017,Medicine and Surgery,Plastic And Reconstrucrive Surgery
19362,2018,Medicine and Surgery,Plastic And Reconstrucrive Surgery
19379,2018,Medicine and Surgery,Adult Allergy & Immunology
19380,2019,Medicine and Surgery,Adult Allergy & Immunology
19400,2016,Medicine and Surgery,Cardiac Surgery
19445,2020,Medicine and Surgery,Pediatric Allergy And Immunology
19498,2019,Medicine and Surgery,Vascular Surgery
19499,2020,Medicine and Surgery,Vascular Surgery
19551,2019,Medicine and Surgery,Breast And Endocrine Surgical Oncology
19552,2020,Medicine and Surgery,Breast And Endocrine Surgical Oncology
19667,2021,Medicine and Surgery,Colon And Rectal Surgery
19815,2019,Medicine and Surgery,Adult & Pediatric Orthopedic Spinal Surgery
19816,2020,Medicine and Surgery,Adult & Pediatric Orthopedic Spinal Surgery
19841,2018,Pharmacists and Pharmacy Technicians,Clinical Pharmacy - Ambulatory Care
19842,2019,Pharmacists and Pharmacy Technicians,Clinical Pharmacy - Ambulatory Care
19843,2021,Pharmacists and Pharmacy Technicians,Clinical Pharmacy - Ambulatory Care
19859,2016,Medicine and Surgery,Clinical Neurosurgery
19860,2017,Medicine and Surgery,Clinical Neurosurgery
19960,2017,Medicine and Surgery,Cardiac Surgery
20351,2020,Medicine and Surgery,Diabetes
20608,2017,Medicine and Surgery,Respiratory Medicine
21222,2016,Dentistry and Related Specialties,Periodontics
21238,2016,Medicine and Surgery,Adult Critical Care Medicine - Residency
21481,2017,Pharmacists and Pharmacy Technicians,Clinical Pharmacy
21486,2019,Pharmacists and Pharmacy Technicians,Clinical Pharmacy - Nephrology
21487,2020,Pharmacists and Pharmacy Technicians,Clinical Pharmacy - Nephrology
21488,2022,Pharmacists and Pharmacy Technicians,Clinical Pharmacy - Nephrology
21504,2016,Medicine and Surgery,Family Medicine – 3 Years Track
21594,2016,Medicine and Surgery,Hematopathology
21651,2018,Medicine and Surgery,Cornea/ External Disease And Retractive Surgery
21652,2017,Medicine and Surgery,Cornea/ External Disease And Retractive Surgery
21725,2020,Medicine and Surgery,Pediatric Gastroenterology
21948,2020,Medicine and Surgery,Epilepsy & Electroencephalography
21972,2017,Medicine and Surgery,Oculoplastic And Orbit Surgery
21974,2020,Medicine and Surgery,Oculoplastic And Orbit Surgery
21982,2021,Medicine and Surgery,"Cornea, External Eye Diseases And Refractive Surgery"
21987,2020,Medicine and Surgery,Oculoplastic & Orbit
21996,2020,Medicine and Surgery,Renal Transplant
22076,2016,Medicine and Surgery,Pediatric Stem Cell Transplantation
22077,2017,Medicine and Surgery,Pediatric Stem Cell Transplantation
22078,2019,Medicine and Surgery,Pediatric Stem Cell Transplantation
22197,2017,Medicine and Surgery,Hematopathology
22218,2016,Medicine and Surgery,Adult Stem Cell Transplantation
22219,2017,Medicine and Surgery,Adult Stem Cell Transplantation
22220,2018,Medicine and Surgery,Adult Stem Cell Transplantation
22236,2016,Medicine and Surgery,Neurology - 5 Years Track
22237,2017,Medicine and Surgery,Neurology - 5 Years Track
22247,2017,Medicine and Surgery,Renal Transplant
22248,2018,Medicine and Surgery,Renal Transplant
22259,2019,Medicine and Surgery,Adult Stem Cell Transplantation
22260,2020,Medicine and Surgery,Adult Stem Cell Transplantation
22261,2017,Medicine and Surgery,Breast And Gynecologic Pathology
22262,2018,Medicine and Surgery,Breast And Gynecologic Pathology
22653,2019,Medicine and Surgery,Renal Transplant
22659,2018,Medicine and Surgery,Hepatobiliary-Pancreatic Surgery
22666,2019,Medicine and Surgery,Women Image
22671,2017,Medicine and Surgery,Women Image
22681,2017,Medicine and Surgery,Adult Allergy & Immunology
22824,2021,Medicine and Surgery,Adult Stem Cell Transplantation
23191,2019,Medicine and Surgery,Neurology
23222,2020,Laboratories and Medical Technology,Saudi Board In Clinical Biochemistry
23223,2021,Laboratories and Medical Technology,Saudi Board In Clinical Biochemistry
23256,2017,Dentistry and Related Specialties,Advanced Education In General Dentistry Diploma
23303,2019,Laboratories and Medical Technology,Radiology Technology & Medical Imaging
23306,2019,Laboratories and Medical Technology,Saudi Board In Clinical Biochemistry
23390,2020,Laboratories and Medical Technology,Saudi Diploma In Blood Banking And Transfusion
23751,2017,Nursing and Midwifery,Adult Critical Care Nursing Diploma
23781,2017,Nursing and Midwifery,Emergency Nursing Diploma
23849,2020,Medicine and Surgery,Respiratory Medicine
24632,2016,Medicine and Surgery,Physical Medicine And Rehabilitation
24764,2016,Medicine and Surgery,Preventive Medicine
24850,2018,Medicine and Surgery,Pediatric Endocrinology
24968,2018,Dentistry and Related Specialties,Family Dentistry
25146,2021,Dentistry and Related Specialties,Advanced Education In General Dentistry Diploma
25463,2021,Laboratories and Medical Technology,Medical Microbiology
25932,2018,Laboratories and Medical Technology,Saudi Board In Clinical Biochemistry
26246,2018,Medicine and Surgery,Pediatric Surgery - Residency
26329,2019,Medicine and Surgery,Community Medicine
26335,2017,Medicine and Surgery,Internal Medicine – Jrtp
26566,2017,Medicine and Surgery,Pediatric Surgery - Residency
26567,2016,Medicine and Surgery,Pediatric Surgery - Residency
26777,2020,Medicine and Surgery,Adult Allergy & Immunology
27037,2017,Medicine and Surgery,Hepatobiliary-Pancreatic Surgery
27044,2017,Medicine and Surgery,Adult Psychosomatic Medicine
27045,2018,Medicine and Surgery,Adult Psychosomatic Medicine
27165,2021,Medicine and Surgery,Adult & Pediatric Orthopedic Spinal Surgery
28017,2021,Medicine and Surgery,Hepatobiliary-Pancreatic Surgery
28055,2017,Medicine and Surgery,Thoracic Surgery
28056,2018,Medicine and Surgery,Thoracic Surgery
28057,2021,Medicine and Surgery,Thoracic Surgery
28234,2020,Medicine and Surgery,Vitreoretinal Surgery
28266,2018,Pharmacists and Pharmacy Technicians,Clinical Pharmacy - Nephrology
28268,2021,Pharmacists and Pharmacy Technicians,Clinical Pharmacy - Nephrology
28296,2016,Nursing and Midwifery,Cardiac Care Nursing Diploma
28434,2018,Medicine and Surgery,Cardiac Anesthesia
28607,2018,Medicine and Surgery,Women Image
28609,2021,Medicine and Surgery,Women Image
29104,2018,Dentistry and Related Specialties,Prosthodontics - 3 Years Track
30387,2018,Medicine and Surgery,Bone And Soft Tissue Pathology
30388,2019,Medicine and Surgery,Bone And Soft Tissue Pathology
30405,2019,Medicine and Surgery,Pediatrics Nephrology
31299,2018,Dentistry and Related Specialties,Restorative Dentistry - 3 Years Track
31300,2019,Dentistry and Related Specialties,Restorative Dentistry - 3 Years Track
31929,2020,Medicine and Surgery,Pediatrics Nephrology
33341,2019,Laboratories and Medical Technology,Medical Microbiology
33342,2020,Laboratories and Medical Technology,Medical Microbiology
34656,2018,Pharmacists and Pharmacy Technicians,Clinical Pharmacy - Drug Information
34658,2021,Pharmacists and Pharmacy Technicians,Clinical Pharmacy - Drug Information
36524,2017,Laboratories and Medical Technology,Radiology Technology & Medical Imaging
36525,2018,Laboratories and Medical Technology,Radiology Technology & Medical Imaging
36539,2017,Medicine and Surgery,Oral Medicine And Pathology
36703,2018,Laboratories and Medical Technology,Medical Microbiology
40451,2016,Medicine and Surgery,Forensic Medicine
40567,2016,Dentistry and Related Specialties,Dental Implant
40568,2019,Dentistry and Related Specialties,Dental Implant
40569,2017,Dentistry and Related Specialties,Dental Implant
40570,2018,Dentistry and Related Specialties,Dental Implant
40571,2021,Dentistry and Related Specialties,Dental Implant
40572,2022,Dentistry and Related Specialties,Dental Implant
40859,2017,Dentistry and Related Specialties,Restorative Dentistry - 3 Years Track
40872,2020,Medicine and Surgery,Colon And Rectal Surgery
41069,2019,Medicine and Surgery,Thoracic Surgery
41093,2017,Medicine and Surgery,Saudi Postgraduate Diploma In Paediatrics
41094,2021,Medicine and Surgery,Saudi Postgraduate Diploma In Paediatrics
41095,2022,Medicine and Surgery,Saudi Postgraduate Diploma In Paediatrics
41118,2016,Laboratories and Medical Technology,Radiology Technology & Medical Imaging
41161,2016,Medicine and Surgery,Diploma Family Medicine
41237,2021,Medicine and Surgery,Pediatric Radiology
41373,2016,Medicine and Surgery,Adult Psychosomatic Medicine
41671,2016,Pharmacists and Pharmacy Technicians,Clinical Pharmacy
41797,2021,Medicine and Surgery,Women's Health
41948,2021,Medicine and Surgery,Renal Transplant Surgery
42016,2020,Medicine and Surgery,Pediatrics Respiratory Medicine
42341,2021,Medicine and Surgery,Vascular Neurology (Stroke)
42441,2016,Medicine and Surgery,Adult Allergy & Immunology
42445,2021,Medicine and Surgery,Adult Allergy & Immunology
42446,2022,Medicine and Surgery,Adult Allergy & Immunology
42810,2016,Pharmacists and Pharmacy Technicians,Clinical Pharmacy - Internal Medicine
43382,2016,Medicine and Surgery,Renal Transplant
43388,2021,Medicine and Surgery,Renal Transplant
43433,2016,Dentistry and Related Specialties,Orthodontics And Dentofacial Orthopedics - 5 Years Track
43452,2020,Dentistry and Related Specialties,Saudi Postgraduate Diploma In Family Dental Medicine
43453,2021,Dentistry and Related Specialties,Saudi Postgraduate Diploma In Family Dental Medicine
43470,2021,Medicine and Surgery,Adult Psychosomatic Medicine
43471,2022,Medicine and Surgery,Adult Psychosomatic Medicine
43534,2021,Unknown,Nuclear Medicine
43597,2016,Medicine and Surgery,Emergency Medicine Diploma
43619,2020,Medicine and Surgery,Cornea/ External Disease
43667,2016,Medicine and Surgery,Adult Orthopedic Reconstructive Surgery
43669,2017,Medicine and Surgery,Adult Orthopedic Reconstructive Surgery
43670,2018,Medicine and Surgery,Adult Orthopedic Reconstructive Surgery
43671,2021,Medicine and Surgery,Adult Orthopedic Reconstructive Surgery
43672,2022,Medicine and Surgery,Adult Orthopedic Reconstructive Surgery
44064,2019,Medicine and Surgery,Interventional Nephrology
44065,2020,Medicine and Surgery,Interventional Nephrology
44068,2016,Medicine and Surgery,Interventional Nephrology
44070,2021,Medicine and Surgery,Interventional Nephrology
44327,2017,Dentistry and Related Specialties,Orthodontics And Dentofacial Orthopedics - 5 Years Track
44731,2021,Medicine and Surgery,Musculoskeletal Oncology Fellowship
45061,2018,Medicine and Surgery,Clinical Neurophysiology
45062,2019,Medicine and Surgery,Clinical Neurophysiology
45507,2019,Medicine and Surgery,Orthopedic Trauma Surgery
45508,2020,Medicine and Surgery,Orthopedic Trauma Surgery
47316,2021,Medicine and Surgery,Ultrasound In Obstetrics & Gynecology
47900,2018,Medicine and Surgery,Pediatric Stem Cell Transplantation
47902,2020,Medicine and Surgery,Pediatric Stem Cell Transplantation
49749,2020,Pharmacists and Pharmacy Technicians,Clinical Pharmacy - Ambulatory Care
49750,2022,Pharmacists and Pharmacy Technicians,Clinical Pharmacy - Ambulatory Care
52175,2020,Dentistry and Related Specialties,Dental Implant
52472,2020,Medicine and Surgery,Adult Psychosomatic Medicine
53080,2016,Dentistry and Related Specialties,Advanced Education In General Dentistry Diploma
53082,2016,Medicine and Surgery,Nephropathology Renal Transplant Pathology
53257,2021,Pharmacists and Pharmacy Technicians,Clinical Pharmacy - Internal Medicine
53822,2018,Medicine and Surgery,Radiation Oncology
54147,2020,Medicine and Surgery,Neurology
55895,2017,Dentistry and Related Specialties,Prosthodontics - 3 Years Track
57609,2018,Medicine and Surgery,Interventional Nephrology
57623,2022,Pharmacists and Pharmacy Technicians,Clinical Pharmacy - Parental Nutrition
57625,2020,Pharmacists and Pharmacy Technicians,Clinical Pharmacy - Parental Nutrition
57675,2016,Pharmacists and Pharmacy Technicians,Clinical Pharmacy In Infectious Diseases
57678,2016,Dentistry and Related Specialties,Restorative Dentistry - 3 Years Track
58468,2022,Medicine and Surgery,Saudi Postgraduate Diploma In Emergency Medicine
58771,2019,Medicine and Surgery,Pediatrics Intensive Care
58772,2020,Medicine and Surgery,Pediatrics Intensive Care
58773,2022,Medicine and Surgery,Pediatrics Intensive Care
59439,2020,Medicine and Surgery,Saudi Postgraduate Diploma In Paediatrics
59473,2017,Dentistry and Related Specialties,Pediatric Dentistry - 3 Years Track
59474,2018,Dentistry and Related Specialties,Pediatric Dentistry - 3 Years Track
59541,2017,Medicine and Surgery,Diploma Family Medicine
59559,2017,Pharmacists and Pharmacy Technicians,Clinical Pharmacy - Oncology
59719,2017,Pharmacists and Pharmacy Technicians,Clinical Pharmacy - Drug Information
59751,2017,Pharmacists and Pharmacy Technicians,Clinical Pharmacy In Infectious Diseases
60038,2022,Dentistry and Related Specialties,Saudi Postgraduate Diploma In Family Dental Medicine
60554,2021,Medicine and Surgery,Movement Disorder
60555,2022,Medicine and Surgery,Movement Disorder
61415,2021,Pharmacists and Pharmacy Technicians,Clinical Pharmacy - Solid Organ Transplant
61416,2017,Pharmacists and Pharmacy Technicians,Clinical Pharmacy - Solid Organ Transplant
61417,2018,Pharmacists and Pharmacy Technicians,Clinical Pharmacy - Solid Organ Transplant
61980,2019,Medicine and Surgery,Internal Medicine – Jrtp
62161,2016,Medicine and Surgery,Obstetric Anaesthesiology
62164,2017,Medicine and Surgery,Obstetric Anaesthesiology
62165,2018,Medicine and Surgery,Obstetric Anaesthesiology
62166,2020,Medicine and Surgery,Obstetric Anaesthesiology
62167,2021,Medicine and Surgery,Obstetric Anaesthesiology
63738,2021,Medicine and Surgery,Pediatric Ophthalmology And Strabismus
63913,2018,Medicine and Surgery,Head And Neck Oncology Surgery
63915,2021,Medicine and Surgery,Head And Neck Oncology Surgery
63916,2022,Medicine and Surgery,Head And Neck Oncology Surgery
64098,2017,Pharmacists and Pharmacy Technicians,Clinical Pharmacy - Cardiology
64138,2019,Pharmacists and Pharmacy Technicians,Clinical Pharmacy - Solid Organ Transplant
64152,2018,Medicine and Surgery,Vitreoretinal Diseases And Surgery
64910,2022,Medicine and Surgery,Hepatobiliary-Pancreatic Surgery
66421,2016,Laboratories and Medical Technology,Medical Microbiology
66422,2017,Laboratories and Medical Technology,Medical Microbiology
67892,2021,Medicine and Surgery,Respiratory Medicine
68303,2017,Medicine and Surgery,Arthroscopy And Orthopaedic Sport Injuries
68304,2018,Medicine and Surgery,Arthroscopy And Orthopaedic Sport Injuries
68713,2016,Medicine and Surgery,Neurosurgery Skull-Base
68717,2022,Medicine and Surgery,Neurosurgery Skull-Base
68764,2018,Medicine and Surgery,Medical Retina And Uveitis
69875,2020,Medicine and Surgery,Addiction Psychiatry
69876,2021,Medicine and Surgery,Addiction Psychiatry
69878,2022,Medicine and Surgery,Addiction Psychiatry
70028,2020,Medicine and Surgery,Women Image
70358,2021,Medicine and Surgery,Breast And Endocrine Surgical Oncology
71444,2022,Medicine and Surgery,Obstetric Anaesthesiology
71696,2022,Medicine and Surgery,Renal Transplant
71747,2022,Medicine and Surgery,Medical Retina And Uveitis
71915,2017,Medicine and Surgery,Neurosurgery Skull-Base
71916,2018,Medicine and Surgery,Neurosurgery Skull-Base
71917,2020,Medicine and Surgery,Neurosurgery Skull-Base
71918,2021,Medicine and Surgery,Neurosurgery Skull-Base
72208,2017,Pharmacists and Pharmacy Technicians,Clinical Pharmacy - Critical Care
72216,2019,Medicine and Surgery,Adult Psychosomatic Medicine
73085,2017,Medicine and Surgery,Nephropathology Renal Transplant Pathology
73086,2018,Medicine and Surgery,Nephropathology Renal Transplant Pathology
73518,2017,Medicine and Surgery,Clinical Neurophysiology
73520,2016,Medicine and Surgery,Clinical Neurophysiology
73521,2021,Medicine and Surgery,Clinical Neurophysiology
73522,2022,Medicine and Surgery,Clinical Neurophysiology
74406,2018,Medicine and Surgery,Internal Medicine – Jrtp
75415,2016,Pharmacists and Pharmacy Technicians,Clinical Pharmacy - Critical Care
76802,2020,Medicine and Surgery,Community Medicine
76976,2017,Pharmacists and Pharmacy Technicians,Clinical Pharmacy - Internal Medicine
77256,2017,Pharmacists and Pharmacy Technicians,Clinical Pharmacy - Pediatric
77324,2016,Medicine and Surgery,Transplant Hepatology
77325,2017,Medicine and Surgery,Transplant Hepatology
77326,2018,Medicine and Surgery,Transplant Hepatology
77613,2019,Medicine and Surgery,Obstetric Anaesthesiology
77614,2022,Medicine and Surgery,Oculoplastic And Orbit Surgery
77797,2019,Medicine and Surgery,Pediatric Rhino-Otolaryngology
77798,2020,Medicine and Surgery,Pediatric Rhino-Otolaryngology
77990,2016,Medicine and Surgery,Orthopedic Trauma Surgery
77991,2017,Medicine and Surgery,Orthopedic Trauma Surgery
77992,2018,Medicine and Surgery,Orthopedic Trauma Surgery
77994,2022,Medicine and Surgery,Orthopedic Trauma Surgery
79536,2016,Medicine and Surgery,Breast And Gynecologic Pathology
79540,2022,Medicine and Surgery,Breast And Gynecologic Pathology
80965,2020,Medicine and Surgery,Arthroscopy And Orthopaedic Sport Injuries
80966,2021,Medicine and Surgery,Arthroscopy And Orthopaedic Sport Injuries
86007,2016,Nursing and Midwifery,Oncology Nursing Diploma
86186,2020,Medicine and Surgery,Pediatrics Urology
86508,2019,Medicine and Surgery,Saudi Postgraduate Diploma In Paediatrics
87733,2017,Dentistry and Related Specialties,Endodontics - 3 Years Track
87987,2021,Medicine and Surgery,Emergency Medicine Diploma
89034,2019,Medicine and Surgery,Adult Orthopedic Reconstructive Surgery
89035,2020,Medicine and Surgery,Adult Orthopedic Reconstructive Surgery
89845,2020,Medicine and Surgery,Thoracic Surgery
90621,2022,Medicine and Surgery,Arthroscopy And Orthopaedic Sport Injuries
90845,2022,Medicine and Surgery,Adult Stem Cell Transplantation
91167,2016,Pharmacists and Pharmacy Technicians,Clinical Pharmacy - Cardiology
91399,2020,Medicine and Surgery,Movement Disorder
91400,2019,Medicine and Surgery,Movement Disorder
92717,2016,Medicine and Surgery,Primary Mental Health Care
92719,2017,Medicine and Surgery,Primary Mental Health Care
92720,2018,Medicine and Surgery,Primary Mental Health Care
92721,2022,Medicine and Surgery,Primary Mental Health Care
93099,2019,Medicine and Surgery,Urogynecology And Pelvic Reconstructive Surgery
93181,2019,Medicine and Surgery,Nephropathology Renal Transplant Pathology
93182,2020,Medicine and Surgery,Nephropathology Renal Transplant Pathology
93183,2022,Medicine and Surgery,Nephropathology Renal Transplant Pathology
93198,2016,Medicine and Surgery,Pediatric Ophthalmology
93199,2017,Medicine and Surgery,Pediatric Ophthalmology
93200,2018,Medicine and Surgery,Pediatric Ophthalmology
93201,2019,Medicine and Surgery,Pediatric Ophthalmology
93202,2021,Medicine and Surgery,Pediatric Ophthalmology
93203,2022,Medicine and Surgery,Pediatric Ophthalmology
93825,2016,Pharmacists and Pharmacy Technicians,Clinical Pharmacy - Pediatric
94008,2017,Medicine and Surgery,Breast Imaging
94009,2018,Medicine and Surgery,Breast Imaging
94010,2019,Medicine and Surgery,Breast Imaging
94011,2020,Medicine and Surgery,Breast Imaging
94012,2022,Medicine and Surgery,Breast Imaging
94043,2017,Medicine and Surgery,Advanced General Pediatrics Fellowship
94044,2018,Medicine and Surgery,Advanced General Pediatrics Fellowship
94045,2019,Medicine and Surgery,Advanced General Pediatrics Fellowship
94046,2020,Medicine and Surgery,Advanced General Pediatrics Fellowship
94047,2022,Medicine and Surgery,Advanced General Pediatrics Fellowship
94303,2016,Pharmacists and Pharmacy Technicians,Clinical Pharmacy - Solid Organ Transplant
95845,2016,Pharmacists and Pharmacy Technicians,Clinical Pharmacy - Nephrology
96254,2020,Medicine and Surgery,Breast And Gynecologic Pathology
96255,2021,Medicine and Surgery,Breast And Gynecologic Pathology
96325,2021,Medicine and Surgery,Pediatric Orthopedic Surgery
96359,2020,Medicine and Surgery,Clinical Neurophysiology
96970,2016,Medicine and Surgery,Bone And Soft Tissue Pathology
96971,2017,Medicine and Surgery,Bone And Soft Tissue Pathology
97553,2021,Medicine and Surgery,Vitreoretinal Diseases And Surgery
97812,2016,Pharmacists and Pharmacy Technicians,Clinical Pharmacy - Drug Information
99243,2016,Dentistry and Related Specialties,Pediatric Dentistry - 3 Years Track
99315,2016,Dentistry and Related Specialties,Endodontics - 3 Years Track
99812,2016,Medicine and Surgery,Arthroscopy And Orthopaedic Sport Injuries
99816,2019,Medicine and Surgery,Arthroscopy And Orthopaedic Sport Injuries
101181,2016,Pharmacists and Pharmacy Technicians,Clinical Pharmacy - Ambulatory Care
101182,2017,Pharmacists and Pharmacy Technicians,Clinical Pharmacy - Ambulatory Care
102050,2022,Unknown,Cardiac Electrophysiology & Pacing
102126,2022,Medicine and Surgery,Ultrasound In Obstetrics & Gynecology
102816,2022,Medicine and Surgery,Regional Anesthesia
102884,2020,Medicine and Surgery,Medical Retina & Uveitis
102891,2019,Medicine and Surgery,Breast And Gynecologic Pathology
105483,2022,Medicine and Surgery,Breast And Endocrine Surgical Oncology
109637,2017,Pharmacists and Pharmacy Technicians,Clinical Pharmacy - Nephrology
110974,2021,Medicine and Surgery,Pediatric Rhino-Otolaryngology
110980,2020,Medicine and Surgery,Urogynecology And Pelvic Reconstructive Surgery
111066,2022,Pharmacists and Pharmacy Technicians,Clinical Pharmacy - Solid Organ Transplant
114978,2016,Medicine and Surgery,Saudi Postgraduate Diploma In Paediatrics
115796,2016,Medicine and Surgery,Movement Disorder
115798,2017,Medicine and Surgery,Movement Disorder
118517,2016,Medicine and Surgery,Breast Imaging
119191,2019,Medicine and Surgery,Neurosurgery Skull-Base
119787,2016,Medicine and Surgery,Saudi Postgraduate Diploma In Emergency Medicine
119788,2017,Medicine and Surgery,Saudi Postgraduate Diploma In Emergency Medicine
125324,2021,Medicine and Surgery,Neurology
125426,2022,Medicine and Surgery,Pediatric Neurology
125892,2018,Medicine and Surgery,Movement Disorder
126068,2016,Medicine and Surgery,Pediatric Cardiac Critical Care
126069,2017,Medicine and Surgery,Pediatric Cardiac Critical Care
126070,2021,Medicine and Surgery,Pediatric Cardiac Critical Care
126071,2019,Medicine and Surgery,Pediatric Cardiac Critical Care
126072,2020,Medicine and Surgery,Pediatric Cardiac Critical Care
126073,2022,Medicine and Surgery,Pediatric Cardiac Critical Care
127449,2022,Medicine and Surgery,Neuro-Ophthalmology
132106,2016,Medicine and Surgery,Advanced General Pediatrics Fellowship
132184,2016,Medicine and Surgery,Regional Anesthesia
132185,2017,Medicine and Surgery,Regional Anesthesia
132186,2018,Medicine and Surgery,Regional Anesthesia
132187,2019,Medicine and Surgery,Regional Anesthesia
132188,2020,Medicine and Surgery,Regional Anesthesia
132881,2021,Medicine and Surgery,Orthopedic Trauma Surgery
135339,2016,Medicine and Surgery,Cornea/ External Disease And Retractive Surgery
135342,2019,Medicine and Surgery,Cornea/ External Disease And Retractive Surgery
135343,2021,Medicine and Surgery,Cornea/ External Disease And Retractive Surgery
135344,2022,Medicine and Surgery,Cornea/ External Disease And Retractive Surgery
135412,2022,Medicine and Surgery,Pediatric Stem Cell Transplantation
137418,2016,Medicine and Surgery,Addiction Psychiatry
137420,2017,Medicine and Surgery,Addiction Psychiatry
137441,2017,Medicine and Surgery,Geriatric Medicine Fellowship
137442,2016,Medicine and Surgery,Geriatric Medicine Fellowship
137443,2022,Medicine and Surgery,Geriatric Medicine Fellowship
