,Academic_Year,Gender_En,Nationality_Name_En,Current_Medical_Field_En,Age_Group_En,Number_of_Trainees
0,2021,Male,Saudi Arabia,Medicine and Surgery,From 20 to 29,5476
1,2021,Female,Saudi Arabia,Medicine and Surgery,From 20 to 29,5009
2,2017,Male,Saudi Arabia,Medicine and Surgery,Unknown,4334
3,2020,Male,Saudi Arabia,Medicine and Surgery,From 20 to 29,3997
4,2018,Male,Saudi Arabia,Medicine and Surgery,Unknown,3850
5,2020,Female,Saudi Arabia,Medicine and Surgery,From 20 to 29,3724
6,2016,Male,Saudi Arabia,Medicine and Surgery,Unknown,3520
8,2019,Male,Saudi Arabia,Medicine and Surgery,Unknown,3176
9,2017,Female,Saudi Arabia,Medicine and Surgery,Unknown,3025
11,2019,Male,Saudi Arabia,Medicine and Surgery,From 20 to 29,2684
13,2018,Female,Saudi Arabia,Medicine and Surgery,Unknown,2652
14,2020,Male,Saudi Arabia,Medicine and Surgery,Unknown,2602
15,2019,Female,Saudi Arabia,Medicine and Surgery,From 20 to 29,2530
17,2016,Female,Saudi Arabia,Medicine and Surgery,Unknown,2357
20,2019,Female,Saudi Arabia,Medicine and Surgery,Unknown,2107
23,2020,Female,Saudi Arabia,Medicine and Surgery,Unknown,1786
26,2021,Male,Saudi Arabia,Medicine and Surgery,Unknown,1634
29,2019,Male,Saudi Arabia,Medicine and Surgery,From 30 to 39,1482
30,2018,Male,Saudi Arabia,Medicine and Surgery,From 30 to 39,1348
31,2018,Male,Saudi Arabia,Medicine and Surgery,From 20 to 29,1345
32,2020,Male,Saudi Arabia,Medicine and Surgery,From 30 to 39,1328
33,2018,Female,Saudi Arabia,Medicine and Surgery,From 20 to 29,1314
35,2021,Male,Saudi Arabia,Medicine and Surgery,From 30 to 39,1270
38,2017,Male,Saudi Arabia,Medicine and Surgery,From 30 to 39,1132
39,2016,Male,Saudi Arabia,Medicine and Surgery,From 30 to 39,1066
40,2021,Female,Saudi Arabia,Medicine and Surgery,Unknown,1028
41,2019,Female,Saudi Arabia,Medicine and Surgery,From 30 to 39,1015
42,2018,Female,Saudi Arabia,Medicine and Surgery,From 30 to 39,963
44,2022,Male,Saudi Arabia,Medicine and Surgery,Unknown,886
46,2017,Female,Saudi Arabia,Medicine and Surgery,From 30 to 39,846
50,2020,Female,Saudi Arabia,Medicine and Surgery,From 30 to 39,794
51,2016,Female,Saudi Arabia,Medicine and Surgery,From 30 to 39,793
52,2021,Female,Saudi Arabia,Medicine and Surgery,From 30 to 39,763
57,2022,Female,Saudi Arabia,Medicine and Surgery,Unknown,599
61,2021,Female,Saudi Arabia,Dentistry and Related Specialties,From 20 to 29,435
66,2020,Female,Saudi Arabia,Dentistry and Related Specialties,From 20 to 29,320
67,2017,Female,Saudi Arabia,Medicine and Surgery,From 20 to 29,298
69,2021,Male,Saudi Arabia,Dentistry and Related Specialties,From 20 to 29,291
76,2021,Female,Saudi Arabia,Nursing and Midwifery,From 20 to 29,230
78,2016,Female,Saudi Arabia,Medicine and Surgery,From 20 to 29,213
80,2017,Male,Saudi Arabia,Medicine and Surgery,From 20 to 29,203
81,2017,Male,Saudi Arabia,Dentistry and Related Specialties,Unknown,197
82,2020,Male,Saudi Arabia,Dentistry and Related Specialties,From 20 to 29,193
83,2016,Male,Saudi Arabia,Dentistry and Related Specialties,Unknown,191
88,2017,Female,Saudi Arabia,Dentistry and Related Specialties,Unknown,176
89,2022,Male,Saudi Arabia,Medicine and Surgery,From 30 to 39,174
92,2018,Male,Saudi Arabia,Dentistry and Related Specialties,Unknown,167
94,2016,Male,Saudi Arabia,Medicine and Surgery,From 20 to 29,159
95,2020,Female,Saudi Arabia,Nursing and Midwifery,From 20 to 29,154
96,2017,Male,Saudi Arabia,Medicine and Surgery,From 40 to 49,154
98,2018,Female,Saudi Arabia,Dentistry and Related Specialties,Unknown,149
99,2019,Female,Saudi Arabia,Dentistry and Related Specialties,From 20 to 29,149
102,2019,Male,Saudi Arabia,Dentistry and Related Specialties,From 30 to 39,143
109,2017,Female,Saudi Arabia,Medicine and Surgery,From 40 to 49,135
110,2016,Female,Saudi Arabia,Medicine and Surgery,From 40 to 49,133
111,2022,Female,Saudi Arabia,Medicine and Surgery,From 30 to 39,133
112,2016,Female,Saudi Arabia,Dentistry and Related Specialties,Unknown,133
113,2019,Male,Saudi Arabia,Dentistry and Related Specialties,Unknown,132
116,2016,Male,Saudi Arabia,Medicine and Surgery,From 40 to 49,130
119,2020,Male,Saudi Arabia,Dentistry and Related Specialties,From 30 to 39,128
120,2020,Male,Saudi Arabia,Nursing and Midwifery,From 30 to 39,127
123,2018,Male,Saudi Arabia,Medicine and Surgery,From 40 to 49,122
125,2019,Male,Saudi Arabia,Nursing and Midwifery,From 30 to 39,120
126,2016,Male,Yemen,Medicine and Surgery,Unknown,120
127,2018,Female,Saudi Arabia,Medicine and Surgery,From 40 to 49,118
130,2019,Female,Saudi Arabia,Dentistry and Related Specialties,Unknown,115
131,2021,Female,Saudi Arabia,Pharmacists and Pharmacy Technicians,From 20 to 29,113
133,2020,Female,Saudi Arabia,Nursing and Midwifery,From 30 to 39,111
134,2018,Male,Saudi Arabia,Dentistry and Related Specialties,From 30 to 39,110
136,2021,Female,Saudi Arabia,Nursing and Midwifery,From 30 to 39,105
139,2016,Female,Sudan,Medicine and Surgery,Unknown,101
140,2019,Female,Saudi Arabia,Nursing and Midwifery,From 30 to 39,101
144,2021,Male,Saudi Arabia,Dentistry and Related Specialties,Unknown,97
150,2019,Male,Saudi Arabia,Dentistry and Related Specialties,From 20 to 29,93
152,2021,Male,Saudi Arabia,Dentistry and Related Specialties,From 30 to 39,88
154,2017,Male,Yemen,Medicine and Surgery,Unknown,86
155,2019,Male,Saudi Arabia,Medicine and Surgery,From 40 to 49,85
156,2021,Male,Saudi Arabia,Nursing and Midwifery,From 30 to 39,85
159,2019,Female,Saudi Arabia,Nursing and Midwifery,From 20 to 29,82
161,2021,Female,Bahrain,Medicine and Surgery,From 20 to 29,80
166,2017,Female,Saudi Arabia,Nursing and Midwifery,Unknown,78
167,2017,Male,Saudi Arabia,Dentistry and Related Specialties,From 30 to 39,76
168,2020,Male,Saudi Arabia,Dentistry and Related Specialties,Unknown,76
171,2017,Male,Saudi Arabia,Nursing and Midwifery,Unknown,74
172,2017,Female,Sudan,Medicine and Surgery,Unknown,73
173,2020,Female,Saudi Arabia,Pharmacists and Pharmacy Technicians,From 20 to 29,72
174,2016,Male,Sudan,Medicine and Surgery,Unknown,70
175,2019,Female,Saudi Arabia,Dentistry and Related Specialties,From 30 to 39,69
176,2018,Female,Saudi Arabia,Nursing and Midwifery,Unknown,68
178,2021,Male,Saudi Arabia,Nursing and Midwifery,From 20 to 29,66
182,2021,Female,Saudi Arabia,Dentistry and Related Specialties,From 30 to 39,65
184,2020,Male,Saudi Arabia,Medicine and Surgery,From 40 to 49,64
185,2018,Male,Saudi Arabia,Nursing and Midwifery,Unknown,64
188,2020,Female,Saudi Arabia,Dentistry and Related Specialties,From 30 to 39,61
189,2020,Female,Bahrain,Medicine and Surgery,From 20 to 29,60
190,2022,Male,Saudi Arabia,Medicine and Surgery,From 20 to 29,60
191,2019,Female,Saudi Arabia,Medicine and Surgery,From 40 to 49,60
193,2022,Female,Saudi Arabia,Medicine and Surgery,From 20 to 29,57
195,2020,Male,Saudi Arabia,Nursing and Midwifery,From 20 to 29,56
196,2018,Male,Saudi Arabia,Nursing and Midwifery,From 30 to 39,56
200,2018,Female,Sudan,Medicine and Surgery,Unknown,55
201,2016,Male,Saudi Arabia,Dentistry and Related Specialties,From 30 to 39,54
202,2018,Male,Yemen,Medicine and Surgery,Unknown,54
204,2016,Female,Yemen,Medicine and Surgery,Unknown,53
208,2020,Female,Saudi Arabia,Dentistry and Related Specialties,Unknown,52
210,2016,Male,Egypt,Medicine and Surgery,Unknown,52
212,2018,Female,Saudi Arabia,Dentistry and Related Specialties,From 20 to 29,51
213,2020,Female,Saudi Arabia,Medicine and Surgery,From 40 to 49,51
218,2016,Male,Syria,Medicine and Surgery,Unknown,49
225,2018,Female,Saudi Arabia,Dentistry and Related Specialties,From 30 to 39,47
230,2019,Female,Sudan,Medicine and Surgery,Unknown,46
236,2019,Female,Saudi Arabia,Pharmacists and Pharmacy Technicians,From 20 to 29,45
239,2021,Male,Saudi Arabia,Laboratories and Medical Technology,From 30 to 39,45
240,2019,Male,Yemen,Medicine and Surgery,Unknown,44
241,2018,Female,Saudi Arabia,Nursing and Midwifery,From 30 to 39,44
242,2017,Male,Egypt,Medicine and Surgery,Unknown,44
243,2021,Male,Saudi Arabia,Medicine and Surgery,From 40 to 49,44
245,2020,Male,Saudi Arabia,Laboratories and Medical Technology,From 30 to 39,44
247,2021,Female,Saudi Arabia,Dentistry and Related Specialties,Unknown,43
253,2017,Male,Sudan,Medicine and Surgery,Unknown,42
255,2016,Male,Palestine,Medicine and Surgery,Unknown,42
256,2017,Female,Yemen,Medicine and Surgery,Unknown,41
259,2017,Female,Saudi Arabia,Dentistry and Related Specialties,From 30 to 39,40
264,2019,Female,Bahrain,Medicine and Surgery,From 20 to 29,38
266,2018,Female,Yemen,Medicine and Surgery,Unknown,37
267,2022,Male,Saudi Arabia,Dentistry and Related Specialties,Unknown,36
268,2018,Male,Saudi Arabia,Dentistry and Related Specialties,From 20 to 29,35
269,2017,Male,Syria,Medicine and Surgery,Unknown,34
270,2021,Male,Saudi Arabia,Pharmacists and Pharmacy Technicians,From 20 to 29,34
271,2019,Male,Saudi Arabia,Nursing and Midwifery,From 20 to 29,34
273,2021,Female,Saudi Arabia,Medicine and Surgery,From 40 to 49,34
277,2020,Male,Yemen,Medicine and Surgery,Unknown,33
281,2016,Female,Saudi Arabia,Pharmacists and Pharmacy Technicians,Unknown,33
284,2016,Female,Saudi Arabia,Dentistry and Related Specialties,From 30 to 39,32
289,2019,Male,Saudi Arabia,Laboratories and Medical Technology,From 30 to 39,31
291,2018,Male,Sudan,Medicine and Surgery,Unknown,30
292,2019,Male,Saudi Arabia,Pharmacists and Pharmacy Technicians,From 20 to 29,30
293,2018,Male,Syria,Medicine and Surgery,Unknown,30
300,2021,Male,Bahrain,Medicine and Surgery,From 20 to 29,29
303,2021,Female,Saudi Arabia,Laboratories and Medical Technology,From 20 to 29,28
304,2017,Female,Sudan,Medicine and Surgery,From 40 to 49,28
306,2019,Female,Yemen,Medicine and Surgery,Unknown,28
308,2017,Male,Palestine,Medicine and Surgery,Unknown,28
309,2017,Male,Saudi Arabia,Pharmacists and Pharmacy Technicians,Unknown,28
311,2019,Female,Saudi Arabia,Pharmacists and Pharmacy Technicians,From 30 to 39,27
312,2017,Female,Saudi Arabia,Pharmacists and Pharmacy Technicians,Unknown,27
313,2017,Male,Saudi Arabia,Dentistry and Related Specialties,From 40 to 49,27
316,2018,Female,Saudi Arabia,Nursing and Midwifery,From 20 to 29,26
317,2017,Male,Yemen,Medicine and Surgery,From 30 to 39,26
319,2018,Male,Saudi Arabia,Pharmacists and Pharmacy Technicians,Unknown,26
321,2017,Male,Saudi Arabia,Laboratories and Medical Technology,Unknown,26
324,2021,Male,Yemen,Medicine and Surgery,Unknown,25
325,2020,Female,Sudan,Medicine and Surgery,Unknown,25
326,2017,Male,Sudan,Medicine and Surgery,From 40 to 49,25
327,2016,Male,Jordan,Medicine and Surgery,Unknown,25
329,2018,Male,Egypt,Medicine and Surgery,Unknown,25
330,2018,Female,Saudi Arabia,Pharmacists and Pharmacy Technicians,From 30 to 39,24
333,2018,Male,Yemen,Medicine and Surgery,From 40 to 49,24
334,2020,Female,Yemen,Medicine and Surgery,Unknown,24
335,2020,Male,Saudi Arabia,Pharmacists and Pharmacy Technicians,From 20 to 29,24
336,2016,Female,Egypt,Medicine and Surgery,Unknown,24
337,2017,Female,Sudan,Medicine and Surgery,From 30 to 39,24
338,2018,Male,Egypt,Medicine and Surgery,From 40 to 49,24
339,2020,Female,Saudi Arabia,Pharmacists and Pharmacy Technicians,From 30 to 39,24
340,2016,Male,Saudi Arabia,Dentistry and Related Specialties,From 40 to 49,23
343,2019,Male,Syria,Medicine and Surgery,Unknown,23
344,2018,Male,Palestine,Medicine and Surgery,Unknown,23
345,2017,Female,Egypt,Medicine and Surgery,Unknown,23
348,2021,Female,Saudi Arabia,Pharmacists and Pharmacy Technicians,From 30 to 39,22
349,2018,Male,Yemen,Medicine and Surgery,From 30 to 39,22
353,2017,Male,Yemen,Medicine and Surgery,From 40 to 49,22
355,2018,Male,Sudan,Medicine and Surgery,From 30 to 39,22
357,2018,Female,Saudi Arabia,Pharmacists and Pharmacy Technicians,From 20 to 29,21
359,2016,Female,Sudan,Medicine and Surgery,From 30 to 39,21
360,2019,Male,Yemen,Medicine and Surgery,From 30 to 39,21
361,2018,Male,Saudi Arabia,Laboratories and Medical Technology,Unknown,21
362,2018,Male,Sudan,Medicine and Surgery,From 40 to 49,21
363,2020,Male,Bahrain,Medicine and Surgery,From 20 to 29,21
364,2020,Female,Yemen,Medicine and Surgery,From 20 to 29,20
365,2019,Male,Palestine,Medicine and Surgery,Unknown,20
367,2018,Female,Saudi Arabia,Pharmacists and Pharmacy Technicians,Unknown,20
368,2018,Male,Saudi Arabia,Pharmacists and Pharmacy Technicians,From 20 to 29,20
369,2019,Male,Saudi Arabia,Pharmacists and Pharmacy Technicians,Unknown,20
370,2021,Male,Yemen,Medicine and Surgery,From 20 to 29,20
374,2021,Female,Saudi Arabia,Laboratories and Medical Technology,From 30 to 39,20
375,2016,Male,Yemen,Medicine and Surgery,From 30 to 39,20
376,2017,Male,Sudan,Medicine and Surgery,From 30 to 39,20
377,2020,Male,Sudan,Medicine and Surgery,Unknown,20
378,2019,Male,Sudan,Medicine and Surgery,Unknown,20
380,2021,Female,Yemen,Medicine and Surgery,From 20 to 29,20
384,2022,Female,Saudi Arabia,Pharmacists and Pharmacy Technicians,From 20 to 29,19
388,2021,Female,Egypt,Medicine and Surgery,From 20 to 29,19
389,2016,Male,Pakistan,Medicine and Surgery,Unknown,19
390,2017,Male,Egypt,Medicine and Surgery,From 40 to 49,19
393,2019,Male,Egypt,Medicine and Surgery,Unknown,19
394,2016,Female,Sudan,Medicine and Surgery,From 40 to 49,19
400,2018,Female,Bahrain,Medicine and Surgery,From 20 to 29,18
401,2018,Female,Egypt,Medicine and Surgery,Unknown,18
402,2017,Male,Jordan,Medicine and Surgery,Unknown,18
405,2018,Female,Sudan,Medicine and Surgery,From 30 to 39,18
407,2017,Female,Yemen,Medicine and Surgery,From 30 to 39,18
408,2016,Female,Syria,Medicine and Surgery,Unknown,17
409,2016,Female,Palestine,Medicine and Surgery,Unknown,17
411,2016,Male,Saudi Arabia,Laboratories and Medical Technology,Unknown,17
412,2019,Male,Saudi Arabia,Laboratories and Medical Technology,Unknown,17
413,2016,Female,Saudi Arabia,Pharmacists and Pharmacy Technicians,From 30 to 39,17
415,2021,Male,Saudi Arabia,Pharmacists and Pharmacy Technicians,From 30 to 39,17
416,2017,Female,Palestine,Medicine and Surgery,Unknown,17
417,2019,Female,Bahrain,Medicine and Surgery,From 30 to 39,17
420,2018,Female,Sudan,Medicine and Surgery,From 40 to 49,17
422,2021,Male,Syria,Medicine and Surgery,Unknown,17
423,2017,Female,Saudi Arabia,Pharmacists and Pharmacy Technicians,From 30 to 39,17
424,2020,Female,Bahrain,Medicine and Surgery,From 30 to 39,17
427,2016,Female,Yemen,Medicine and Surgery,From 30 to 39,16
428,2019,Male,Yemen,Medicine and Surgery,From 40 to 49,16
430,2016,Female,Saudi Arabia,Nursing and Midwifery,From 30 to 39,16
431,2017,Female,Syria,Medicine and Surgery,Unknown,16
432,2019,Male,Sudan,Medicine and Surgery,From 30 to 39,16
434,2022,Male,Saudi Arabia,Medicine and Surgery,From 40 to 49,16
436,2016,Male,Syria,Medicine and Surgery,From 30 to 39,16
439,2017,Female,Bahrain,Medicine and Surgery,Unknown,16
440,2018,Female,Palestine,Medicine and Surgery,Unknown,16
441,2019,Male,Bahrain,Medicine and Surgery,From 20 to 29,16
442,2020,Male,Yemen,Medicine and Surgery,From 30 to 39,16
445,2016,Female,Pakistan,Medicine and Surgery,Unknown,15
446,2018,Female,Bahrain,Medicine and Surgery,Unknown,15
447,2020,Male,Saudi Arabia,Pharmacists and Pharmacy Technicians,From 30 to 39,15
449,2021,Female,Bahrain,Medicine and Surgery,From 30 to 39,15
450,2018,Female,Syria,Medicine and Surgery,Unknown,15
451,2017,Male,Palestine,Medicine and Surgery,From 30 to 39,15
452,2018,Female,Yemen,Medicine and Surgery,From 30 to 39,15
457,2019,Female,Yemen,Medicine and Surgery,From 20 to 29,15
458,2019,Female,Yemen,Medicine and Surgery,From 30 to 39,15
459,2020,Female,Egypt,Medicine and Surgery,From 20 to 29,15
461,2019,Female,Saudi Arabia,Pharmacists and Pharmacy Technicians,Unknown,15
462,2016,Male,Sudan,Medicine and Surgery,From 40 to 49,15
465,2017,Female,Pakistan,Medicine and Surgery,From 30 to 39,15
467,2019,Female,Palestine,Medicine and Surgery,Unknown,15
469,2019,Female,Bahrain,Medicine and Surgery,Unknown,15
471,2020,Female,Saudi Arabia,Laboratories and Medical Technology,From 30 to 39,15
473,2021,Male,Palestine,Medicine and Surgery,Unknown,15
474,2019,Male,Sudan,Medicine and Surgery,From 40 to 49,14
475,2020,Female,Bahrain,Medicine and Surgery,Unknown,14
477,2019,Male,Saudi Arabia,Pharmacists and Pharmacy Technicians,From 30 to 39,14
478,2020,Male,Egypt,Medicine and Surgery,Unknown,14
479,2021,Male,Saudi Arabia,Laboratories and Medical Technology,From 20 to 29,14
481,2017,Female,Saudi Arabia,Nursing and Midwifery,From 30 to 39,14
483,2018,Male,Jordan,Medicine and Surgery,Unknown,14
484,2021,Male,Sudan,Medicine and Surgery,Unknown,14
485,2021,Female,Sudan,Medicine and Surgery,Unknown,14
486,2020,Male,Palestine,Medicine and Surgery,Unknown,14
489,2022,Female,Saudi Arabia,Medicine and Surgery,From 40 to 49,14
493,2019,Male,Syria,Medicine and Surgery,From 30 to 39,13
495,2018,Female,Bahrain,Medicine and Surgery,From 30 to 39,13
496,2017,Male,Pakistan,Medicine and Surgery,Unknown,13
498,2018,Male,Saudi Arabia,Laboratories and Medical Technology,From 30 to 39,13
499,2017,Male,Bahrain,Medicine and Surgery,Unknown,13
500,2016,Male,Kuwait,Medicine and Surgery,Unknown,13
501,2018,Male,Syria,Medicine and Surgery,From 30 to 39,13
502,2016,Female,Saudi Arabia,Dentistry and Related Specialties,From 40 to 49,13
503,2016,Male,Palestine,Medicine and Surgery,From 30 to 39,13
505,2017,Female,Saudi Arabia,Dentistry and Related Specialties,From 40 to 49,13
507,2017,Female,Jordan,Medicine and Surgery,Unknown,13
508,2019,Female,Saudi Arabia,Laboratories and Medical Technology,From 30 to 39,13
510,2019,Female,Sudan,Medicine and Surgery,From 30 to 39,13
511,2016,Male,Sudan,Medicine and Surgery,From 30 to 39,13
512,2019,Male,Egypt,Medicine and Surgery,From 40 to 49,13
513,2018,Female,Pakistan,Medicine and Surgery,From 30 to 39,13
514,2022,Male,Yemen,Medicine and Surgery,Unknown,13
517,2020,Female,United Arab Emirates,Medicine and Surgery,From 20 to 29,13
518,2020,Male,Yemen,Medicine and Surgery,From 20 to 29,13
520,2020,Male,Syria,Medicine and Surgery,From 30 to 39,13
523,2019,Female,Egypt,Medicine and Surgery,From 20 to 29,12
524,2018,Male,Saudi Arabia,Nursing and Midwifery,From 20 to 29,12
527,2018,Male,Palestine,Medicine and Surgery,From 30 to 39,12
528,2016,Female,Pakistan,Medicine and Surgery,From 30 to 39,12
529,2020,Male,Syria,Medicine and Surgery,Unknown,12
531,2016,Female,Jordan,Medicine and Surgery,Unknown,12
534,2017,Male,Syria,Medicine and Surgery,From 30 to 39,12
536,2018,Male,Saudi Arabia,Pharmacists and Pharmacy Technicians,From 30 to 39,11
537,2022,Female,Saudi Arabia,Dentistry and Related Specialties,Unknown,11
538,2020,Male,Saudi Arabia,Unknown,Unknown,11
540,2019,Female,Pakistan,Medicine and Surgery,From 30 to 39,11
541,2018,Male,Bahrain,Medicine and Surgery,Unknown,11
544,2020,Male,Egypt,Medicine and Surgery,From 40 to 49,11
547,2018,Male,Saudi Arabia,Dentistry and Related Specialties,From 40 to 49,11
550,2016,Male,Saudi Arabia,Pharmacists and Pharmacy Technicians,Unknown,11
551,2018,Female,Jordan,Medicine and Surgery,Unknown,11
555,2020,Male,Sudan,Medicine and Surgery,From 30 to 39,11
556,2019,Female,Sudan,Medicine and Surgery,From 40 to 49,11
557,2021,Female,United Arab Emirates,Medicine and Surgery,From 20 to 29,11
560,2021,Male,Yemen,Medicine and Surgery,From 30 to 39,11
562,2019,Female,Egypt,Medicine and Surgery,Unknown,11
564,2021,Female,Yemen,Medicine and Surgery,Unknown,10
565,2017,Female,Saudi Arabia,Pharmacists and Pharmacy Technicians,From 20 to 29,10
568,2018,Female,Yemen,Medicine and Surgery,From 20 to 29,10
572,2019,Male,Bahrain,Medicine and Surgery,Unknown,10
573,2017,Male,Saudi Arabia,Unknown,Unknown,10
574,2019,Male,Jordan,Medicine and Surgery,Unknown,10
575,2022,Male,Sudan,Medicine and Surgery,From 30 to 39,10
576,2019,Female,United Arab Emirates,Medicine and Surgery,From 20 to 29,10
577,2019,Female,Syria,Medicine and Surgery,Unknown,10
578,2018,Male,Saudi Arabia,Unknown,Unknown,10
579,2017,Female,Egypt,Medicine and Surgery,From 30 to 39,10
582,2019,Female,Jordan,Medicine and Surgery,Unknown,10
583,2016,Male,Saudi Arabia,Pharmacists and Pharmacy Technicians,From 30 to 39,10
585,2021,Male,Egypt,Medicine and Surgery,From 20 to 29,10
586,2019,Male,Egypt,Medicine and Surgery,From 30 to 39,10
588,2019,Male,Kuwait,Medicine and Surgery,From 30 to 39,10
589,2016,Male,Yemen,Medicine and Surgery,From 40 to 49,10
590,2020,Female,Palestine,Medicine and Surgery,Unknown,10
591,2018,Female,Egypt,Medicine and Surgery,From 30 to 39,10
594,2021,Female,Jordan,Medicine and Surgery,From 20 to 29,10
598,2016,Female,Egypt,Medicine and Surgery,From 30 to 39,9
601,2019,Female,Egypt,Medicine and Surgery,From 30 to 39,9
603,2016,Female,Saudi Arabia,Pharmacists and Pharmacy Technicians,From 20 to 29,9
604,2016,Male,Saudi Arabia,Unknown,Unknown,9
605,2017,Female,Yemen,Medicine and Surgery,From 40 to 49,9
609,2019,Male,Saudi Arabia,Dentistry and Related Specialties,From 40 to 49,9
614,2016,Female,Saudi Arabia,Unknown,Unknown,9
615,2019,Male,Saudi Arabia,Unknown,Unknown,9
617,2021,Female,Syria,Medicine and Surgery,From 20 to 29,9
620,2020,Female,Saudi Arabia,Laboratories and Medical Technology,From 20 to 29,9
621,2020,Male,Egypt,Medicine and Surgery,From 30 to 39,9
622,2020,Male,Kuwait,Medicine and Surgery,From 30 to 39,9
624,2020,Male,Egypt,Medicine and Surgery,From 20 to 29,9
628,2016,Female,Saudi Arabia,Laboratories and Medical Technology,From 30 to 39,9
629,2017,Male,Saudi Arabia,Pharmacists and Pharmacy Technicians,From 30 to 39,9
630,2020,Male,Saudi Arabia,Laboratories and Medical Technology,From 20 to 29,9
631,2020,Male,Saudi Arabia,Dentistry and Related Specialties,From 40 to 49,9
633,2017,Male,Kuwait,Medicine and Surgery,Unknown,9
634,2018,Male,Bahrain,Medicine and Surgery,From 20 to 29,8
635,2021,Female,India,Medicine and Surgery,From 20 to 29,8
639,2022,Male,Syria,Medicine and Surgery,Unknown,8
640,2022,Male,Sudan,Medicine and Surgery,Unknown,8
641,2018,Female,Saudi Arabia,Dentistry and Related Specialties,From 40 to 49,8
643,2022,Male,Kuwait,Medicine and Surgery,From 30 to 39,8
644,2021,Female,Pakistan,Medicine and Surgery,From 20 to 29,8
646,2018,Female,Egypt,Medicine and Surgery,From 20 to 29,8
649,2021,Male,Egypt,Medicine and Surgery,From 40 to 49,8
650,2017,Female,Saudi Arabia,Unknown,Unknown,8
652,2016,Female,India,Medicine and Surgery,From 40 to 49,8
653,2021,Male,Saudi Arabia,Dentistry and Related Specialties,From 40 to 49,8
655,2017,Female,Bahrain,Medicine and Surgery,From 30 to 39,8
657,2021,Male,Egypt,Medicine and Surgery,From 30 to 39,8
659,2018,Male,Pakistan,Medicine and Surgery,From 40 to 49,8
660,2017,Male,Saudi Arabia,Dentistry and Related Specialties,From 20 to 29,8
663,2020,Male,Sudan,Medicine and Surgery,From 40 to 49,8
664,2018,Male,Kuwait,Medicine and Surgery,From 30 to 39,8
665,2020,Female,Jordan,Medicine and Surgery,From 20 to 29,8
667,2020,Female,Saudi Arabia,Nursing and Midwifery,From 40 to 49,8
673,2016,Male,India,Medicine and Surgery,Unknown,8
675,2022,Male,Palestine,Medicine and Surgery,Unknown,8
676,2020,Female,Sudan,Medicine and Surgery,From 40 to 49,8
677,2020,Male,Palestine,Medicine and Surgery,From 30 to 39,8
678,2020,Female,Sudan,Medicine and Surgery,From 30 to 39,8
679,2021,Female,Saudi Arabia,Pharmacists and Pharmacy Technicians,Unknown,8
680,2017,Female,Saudi Arabia,Laboratories and Medical Technology,From 30 to 39,8
682,2016,Female,Palestine,Medicine and Surgery,From 30 to 39,8
683,2018,Female,Yemen,Medicine and Surgery,From 40 to 49,8
684,2020,Male,Jordan,Medicine and Surgery,Unknown,7
686,2021,Male,Sudan,Medicine and Surgery,From 40 to 49,7
687,2022,Female,Sudan,Medicine and Surgery,Unknown,7
694,2020,Male,Saudi Arabia,Laboratories and Medical Technology,Unknown,7
695,2022,Female,Saudi Arabia,Pharmacists and Pharmacy Technicians,Unknown,7
697,2022,Female,Sudan,Medicine and Surgery,From 40 to 49,7
699,2021,Male,Sudan,Medicine and Surgery,From 30 to 39,7
701,2017,Female,Palestine,Medicine and Surgery,From 30 to 39,7
703,2017,Female,Saudi Arabia,Dentistry and Related Specialties,From 20 to 29,7
705,2018,Female,India,Medicine and Surgery,From 30 to 39,7
706,2018,Male,Egypt,Medicine and Surgery,From 30 to 39,7
708,2020,Male,Bahrain,Medicine and Surgery,Unknown,7
709,2021,Male,Pakistan,Medicine and Surgery,From 20 to 29,7
711,2017,Male,Kuwait,Medicine and Surgery,From 30 to 39,7
712,2019,Female,Sudan,Medicine and Surgery,From 20 to 29,7
714,2017,Male,Syria,Medicine and Surgery,From 40 to 49,7
715,2020,Female,Egypt,Medicine and Surgery,Unknown,7
716,2019,Female,United Arab Emirates,Medicine and Surgery,From 30 to 39,7
717,2021,Male,Jordan,Medicine and Surgery,Unknown,7
718,2020,Female,India,Medicine and Surgery,From 20 to 29,7
720,2021,Male,Jordan,Medicine and Surgery,From 20 to 29,7
721,2016,Female,India,Medicine and Surgery,From 30 to 39,7
722,2016,Female,India,Medicine and Surgery,Unknown,7
723,2016,Female,Yemen,Medicine and Surgery,From 40 to 49,7
724,2021,Female,Sudan,Medicine and Surgery,From 30 to 39,7
725,2016,Female,United Arab Emirates,Medicine and Surgery,From 30 to 39,7
728,2021,Male,Egypt,Medicine and Surgery,Unknown,7
729,2017,Female,United Arab Emirates,Medicine and Surgery,From 30 to 39,7
731,2020,Female,Pakistan,Medicine and Surgery,From 20 to 29,7
732,2021,Female,Palestine,Medicine and Surgery,From 20 to 29,7
734,2022,Male,Egypt,Medicine and Surgery,Unknown,7
735,2016,Male,Saudi Arabia,Laboratories and Medical Technology,From 40 to 49,7
736,2019,Female,India,Medicine and Surgery,From 30 to 39,7
737,2019,Male,Yemen,Medicine and Surgery,From 20 to 29,7
738,2021,Male,Palestine,Medicine and Surgery,From 30 to 39,7
740,2019,Female,Jordan,Medicine and Surgery,From 20 to 29,7
741,2018,Female,United Arab Emirates,Medicine and Surgery,From 30 to 39,6
744,2021,Female,Sudan,Medicine and Surgery,From 20 to 29,6
746,2017,Male,Jordan,Medicine and Surgery,From 40 to 49,6
747,2022,Male,Egypt,Medicine and Surgery,From 40 to 49,6
748,2019,Male,Egypt,Medicine and Surgery,From 20 to 29,6
751,2019,Female,India,Medicine and Surgery,From 20 to 29,6
752,2021,Female,Sudan,Medicine and Surgery,From 40 to 49,6
753,2016,Female,Syria,Medicine and Surgery,From 30 to 39,6
754,2022,Male,Saudi Arabia,Pharmacists and Pharmacy Technicians,From 20 to 29,6
755,2022,Female,Sudan,Medicine and Surgery,From 30 to 39,6
756,2020,Male,Yemen,Medicine and Surgery,From 40 to 49,6
758,2017,Male,Pakistan,Medicine and Surgery,From 40 to 49,6
760,2021,Male,Syria,Medicine and Surgery,From 30 to 39,6
762,2022,Male,Egypt,Medicine and Surgery,From 30 to 39,6
764,2021,Male,Bahrain,Medicine and Surgery,From 30 to 39,6
766,2018,Male,Jordan,Medicine and Surgery,From 30 to 39,6
767,2020,Female,Palestine,Medicine and Surgery,From 20 to 29,6
769,2021,Female,Saudi Arabia,Unknown,Unknown,6
771,2016,Male,Egypt,Medicine and Surgery,From 30 to 39,6
778,2019,Female,Saudi Arabia,Nursing and Midwifery,From 40 to 49,6
779,2017,Male,Egypt,Medicine and Surgery,From 30 to 39,6
780,2018,Female,Saudi Arabia,Laboratories and Medical Technology,From 30 to 39,6
781,2016,Male,Kuwait,Medicine and Surgery,From 30 to 39,6
783,2018,Male,Syria,Medicine and Surgery,From 40 to 49,6
784,2020,Female,Yemen,Medicine and Surgery,From 30 to 39,6
788,2018,Female,Palestine,Medicine and Surgery,From 30 to 39,6
790,2017,Female,India,Medicine and Surgery,From 30 to 39,6
791,2019,Female,Palestine,Medicine and Surgery,From 30 to 39,6
793,2021,Female,Bahrain,Medicine and Surgery,Unknown,6
794,2016,Male,Saudi Arabia,Dentistry and Related Specialties,From 20 to 29,6
795,2021,Male,Palestine,Medicine and Surgery,From 20 to 29,6
796,2020,Female,Sudan,Medicine and Surgery,From 20 to 29,6
798,2020,Female,Syria,Medicine and Surgery,From 20 to 29,6
799,2017,Female,India,Medicine and Surgery,From 40 to 49,6
801,2017,Male,Pakistan,Medicine and Surgery,From 30 to 39,5
806,2021,Male,Yemen,Medicine and Surgery,From 40 to 49,5
807,2021,Female,Yemen,Medicine and Surgery,From 30 to 39,5
809,2017,Female,Yemen,Medicine and Surgery,From 20 to 29,5
810,2021,Male,Kuwait,Medicine and Surgery,From 30 to 39,5
811,2018,Female,India,Medicine and Surgery,Unknown,5
812,2017,Female,Saudi Arabia,Medicine and Surgery,From 50 to 59,5
814,2017,Female,Saudi Arabia,Laboratories and Medical Technology,Unknown,5
815,2018,Female,Egypt,Medicine and Surgery,From 40 to 49,5
817,2021,Male,Saudi Arabia,Pharmacists and Pharmacy Technicians,Unknown,5
818,2021,Male,Saudi Arabia,Unknown,Unknown,5
819,2017,Female,Saudi Arabia,Pharmacists and Pharmacy Technicians,From 40 to 49,5
821,2017,Female,Pakistan,Medicine and Surgery,Unknown,5
822,2021,Female,Egypt,Medicine and Surgery,From 30 to 39,5
824,2018,Female,Saudi Arabia,Medicine and Surgery,From 50 to 59,5
825,2020,Male,United Arab Emirates,Medicine and Surgery,From 20 to 29,5
826,2021,Female,Saudi Arabia,Nursing and Midwifery,From 40 to 49,5
831,2017,Male,Saudi Arabia,Pharmacists and Pharmacy Technicians,From 20 to 29,5
832,2021,Male,Syria,Medicine and Surgery,From 20 to 29,5
834,2018,Female,Saudi Arabia,Unknown,Unknown,5
835,2017,Male,Saudi Arabia,Laboratories and Medical Technology,From 40 to 49,5
836,2017,Female,India,Medicine and Surgery,Unknown,5
837,2018,Female,Sudan,Medicine and Surgery,From 20 to 29,5
838,2021,Male,Immigrant Tribes,Medicine and Surgery,From 20 to 29,5
839,2020,Male,Saudi Arabia,Nursing and Midwifery,From 40 to 49,5
840,2017,Male,India,Medicine and Surgery,From 30 to 39,5
843,2019,Female,Saudi Arabia,Nursing and Midwifery,Unknown,5
844,2016,Male,Jordan,Medicine and Surgery,From 40 to 49,5
845,2020,Male,Bahrain,Medicine and Surgery,From 30 to 39,5
846,2022,Female,Bahrain,Medicine and Surgery,From 30 to 39,5
848,2019,Female,Palestine,Medicine and Surgery,From 20 to 29,5
849,2019,Female,Pakistan,Medicine and Surgery,From 20 to 29,5
853,2020,Female,Syria,Medicine and Surgery,Unknown,5
854,2019,Female,Egypt,Medicine and Surgery,From 40 to 49,5
855,2020,Male,Jordan,Medicine and Surgery,From 20 to 29,5
856,2022,Female,Yemen,Medicine and Surgery,From 30 to 39,5
858,2018,Male,Yemen,Medicine and Surgery,From 20 to 29,5
860,2020,Male,Pakistan,Medicine and Surgery,From 20 to 29,5
861,2016,Male,Saudi Arabia,Pharmacists and Pharmacy Technicians,From 20 to 29,5
863,2020,Female,United Arab Emirates,Medicine and Surgery,From 30 to 39,5
864,2019,Female,Syria,Medicine and Surgery,From 20 to 29,5
865,2020,Male,Palestine,Medicine and Surgery,From 20 to 29,5
866,2020,Female,Palestine,Medicine and Surgery,From 30 to 39,5
867,2022,Male,Yemen,Medicine and Surgery,From 30 to 39,5
868,2022,Male,Sudan,Medicine and Surgery,From 40 to 49,5
869,2016,Female,Saudi Arabia,Dentistry and Related Specialties,From 20 to 29,5
870,2020,Female,Egypt,Medicine and Surgery,From 30 to 39,5
871,2019,Male,Saudi Arabia,Nursing and Midwifery,From 40 to 49,5
872,2016,Female,Saudi Arabia,Pharmacists and Pharmacy Technicians,From 40 to 49,5
874,2020,Female,Jordan,Medicine and Surgery,Unknown,5
875,2020,Female,Pakistan,Medicine and Surgery,From 30 to 39,5
876,2019,Male,Pakistan,Medicine and Surgery,From 40 to 49,5
877,2016,Female,Egypt,Medicine and Surgery,From 40 to 49,5
878,2019,Male,Pakistan,Medicine and Surgery,From 20 to 29,5
882,2016,Male,Bahrain,Medicine and Surgery,Unknown,5
886,2016,Male,Egypt,Medicine and Surgery,From 40 to 49,5
887,2022,Female,Saudi Arabia,Unknown,Unknown,5
889,2018,Male,India,Medicine and Surgery,Unknown,5
890,2022,Female,Saudi Arabia,Pharmacists and Pharmacy Technicians,From 30 to 39,5
892,2017,Male,India,Medicine and Surgery,Unknown,5
893,2018,Male,Kuwait,Medicine and Surgery,Unknown,5
898,2022,Female,Egypt,Medicine and Surgery,Unknown,5
899,2017,Male,Saudi Arabia,Nursing and Midwifery,From 30 to 39,4
900,2017,Female,Bahrain,Medicine and Surgery,From 20 to 29,4
901,2018,Female,United Arab Emirates,Medicine and Surgery,From 20 to 29,4
902,2020,Female,Saudi Arabia,Medicine and Surgery,Less Than 20,4
904,2017,Male,Saudi Arabia,Medicine and Surgery,From 50 to 59,4
906,2020,Female,Saudi Arabia,Unknown,Unknown,4
907,2019,Male,India,Medicine and Surgery,From 30 to 39,4
909,2019,Female,Saudi Arabia,Unknown,Unknown,4
911,2019,Male,Jordan,Medicine and Surgery,From 20 to 29,4
913,2021,Male,Kuwait,Medicine and Surgery,From 20 to 29,4
920,2021,Female,Saudi Arabia,Medicine and Surgery,Less Than 20,4
923,2017,Female,Syria,Medicine and Surgery,From 30 to 39,4
924,2019,Male,Kuwait,Medicine and Surgery,From 40 to 49,4
925,2019,Female,Saudi Arabia,Medicine and Surgery,Less Than 20,4
927,2017,Male,Kuwait,Medicine and Surgery,From 40 to 49,4
934,2022,Female,Egypt,Medicine and Surgery,From 30 to 39,4
936,2017,Male,Jordan,Medicine and Surgery,From 30 to 39,4
939,2017,Female,Egypt,Medicine and Surgery,From 40 to 49,4
940,2022,Male,Yemen,Medicine and Surgery,From 40 to 49,4
942,2020,Female,Egypt,Medicine and Surgery,From 40 to 49,4
945,2016,Female,Kuwait,Medicine and Surgery,Unknown,4
946,2017,Male,Saudi Arabia,Laboratories and Medical Technology,From 30 to 39,4
949,2019,Male,Palestine,Medicine and Surgery,From 30 to 39,4
950,2017,Male,Palestine,Medicine and Surgery,From 40 to 49,4
951,2016,Female,Somalia,Medicine and Surgery,Unknown,4
952,2022,Male,Saudi Arabia,Unknown,Unknown,4
953,2020,Male,Syria,Medicine and Surgery,From 40 to 49,4
954,2021,Female,United Arab Emirates,Medicine and Surgery,Unknown,4
955,2019,Male,Saudi Arabia,Laboratories and Medical Technology,From 40 to 49,4
958,2022,Male,Saudi Arabia,Pharmacists and Pharmacy Technicians,Unknown,4
960,2016,Female,Saudi Arabia,Medicine and Surgery,From 50 to 59,4
963,2018,Female,Saudi Arabia,Laboratories and Medical Technology,Unknown,4
964,2018,Male,Saudi Arabia,Nursing and Midwifery,From 40 to 49,4
966,2016,Male,Saudi Arabia,Laboratories and Medical Technology,From 30 to 39,4
968,2019,Male,Syria,Medicine and Surgery,From 40 to 49,4
969,2017,Female,Saudi Arabia,Medicine and Surgery,Less Than 20,4
971,2022,Female,Yemen,Medicine and Surgery,Unknown,4
972,2021,Male,Saudi Arabia,Laboratories and Medical Technology,From 40 to 49,4
973,2016,Male,Saudi Arabia,Medicine and Surgery,From 50 to 59,4
982,2018,Female,Palestine,Medicine and Surgery,From 20 to 29,4
985,2019,Female,India,Medicine and Surgery,Unknown,4
988,2018,Male,Pakistan,Medicine and Surgery,Unknown,4
989,2018,Female,Saudi Arabia,Medicine and Surgery,Less Than 20,4
992,2019,Female,Saudi Arabia,Laboratories and Medical Technology,From 20 to 29,4
993,2018,Male,Palestine,Medicine and Surgery,From 40 to 49,4
995,2020,Male,Federated States Of Micronesia,Medicine and Surgery,From 30 to 39,4
996,2018,Female,Pakistan,Medicine and Surgery,From 40 to 49,4
997,2022,Female,Palestine,Medicine and Surgery,Unknown,4
1001,2017,Female,Kuwait,Medicine and Surgery,From 30 to 39,3
1002,2022,Female,Egypt,Medicine and Surgery,From 40 to 49,3
1003,2017,Female,United States,Medicine and Surgery,Unknown,3
1005,2022,Female,United Arab Emirates,Medicine and Surgery,From 30 to 39,3
1006,2022,Female,Syria,Medicine and Surgery,From 30 to 39,3
1009,2016,Female,Saudi Arabia,Unknown,From 30 to 39,3
1010,2017,Male,Immigrant Tribes,Nursing and Midwifery,Unknown,3
1012,2016,Female,Pakistan,Medicine and Surgery,From 40 to 49,3
1013,2016,Male,Saudi Arabia,Unknown,From 30 to 39,3
1015,2017,Female,United Arab Emirates,Medicine and Surgery,From 20 to 29,3
1017,2016,Male,Saudi Arabia,Nursing and Midwifery,From 30 to 39,3
1018,2022,Female,Bahrain,Medicine and Surgery,Unknown,3
1021,2016,Male,Saudi Arabia,Nursing and Midwifery,From 20 to 29,3
1025,2022,Male,Saudi Arabia,Dentistry and Related Specialties,From 30 to 39,3
1027,2016,Male,Palestine,Medicine and Surgery,From 40 to 49,3
1028,2016,Male,India,Medicine and Surgery,From 30 to 39,3
1030,2016,Female,Bahrain,Medicine and Surgery,Unknown,3
1031,2016,Male,Jordan,Medicine and Surgery,From 30 to 39,3
1032,2016,Male,Pakistan,Medicine and Surgery,From 30 to 39,3
1033,2017,Female,Sudan,Medicine and Surgery,From 20 to 29,3
1034,2017,Female,Somalia,Medicine and Surgery,Unknown,3
1037,2021,Male,Pakistan,Medicine and Surgery,From 40 to 49,3
1038,2017,Female,Saudi Arabia,Unknown,From 30 to 39,3
1039,2016,Male,Kuwait,Medicine and Surgery,From 40 to 49,3
1040,2016,Male,Lebanon,Medicine and Surgery,Unknown,3
1041,2022,Male,Jordan,Medicine and Surgery,Unknown,3
1043,2021,Male,Saudi Arabia,Nursing and Midwifery,From 40 to 49,3
1044,2021,Male,United Arab Emirates,Medicine and Surgery,From 20 to 29,3
1046,2016,Female,Lebanon,Medicine and Surgery,Unknown,3
1047,2021,Male,Federated States Of Micronesia,Medicine and Surgery,From 30 to 39,3
1048,2022,Female,Yemen,Medicine and Surgery,From 20 to 29,3
1049,2022,Male,Saudi Arabia,Pharmacists and Pharmacy Technicians,From 30 to 39,3
1054,2016,Female,United States,Medicine and Surgery,Unknown,3
1057,2016,Female,Iraq,Medicine and Surgery,Unknown,3
1059,2021,Male,India,Medicine and Surgery,Unknown,3
1060,2017,Female,Pakistan,Medicine and Surgery,From 40 to 49,3
1061,2019,Male,Syria,Medicine and Surgery,From 20 to 29,3
1062,2018,Male,Jordan,Medicine and Surgery,From 20 to 29,3
1066,2018,Female,Saudi Arabia,Pharmacists and Pharmacy Technicians,From 40 to 49,3
1070,2020,Male,United Arab Emirates,Medicine and Surgery,From 30 to 39,3
1071,2018,Female,India,Medicine and Surgery,From 20 to 29,3
1072,2018,Female,Syria,Medicine and Surgery,From 30 to 39,3
1073,2019,Female,Saudi Arabia,Medicine and Surgery,From 50 to 59,3
1074,2018,Female,United Arab Emirates,Medicine and Surgery,Unknown,3
1076,2019,Female,Saudi Arabia,Laboratories and Medical Technology,Unknown,3
1077,2018,Male,Bahrain,Medicine and Surgery,From 30 to 39,3
1079,2019,Female,Syria,Medicine and Surgery,From 30 to 39,3
1081,2021,Female,Egypt,Medicine and Surgery,From 40 to 49,3
1084,2019,Female,Yemen,Medicine and Surgery,From 40 to 49,3
1085,2019,Male,Bahrain,Medicine and Surgery,From 30 to 39,3
1088,2021,Female,India,Medicine and Surgery,Unknown,3
1089,2018,Female,Pakistan,Medicine and Surgery,From 20 to 29,3
1090,2019,Male,Immigrant Tribes,Medicine and Surgery,From 20 to 29,3
1091,2018,Female,Kuwait,Medicine and Surgery,From 30 to 39,3
1092,2018,Female,Jordan,Medicine and Surgery,From 40 to 49,3
1093,2018,Female,Jordan,Medicine and Surgery,From 20 to 29,3
1094,2019,Male,India,Medicine and Surgery,Unknown,3
1095,2020,Male,Immigrant Tribes,Medicine and Surgery,From 20 to 29,3
1096,2020,Male,Syria,Medicine and Surgery,From 20 to 29,3
1099,2020,Male,Kuwait,Medicine and Surgery,Unknown,3
1100,2018,Male,United Arab Emirates,Medicine and Surgery,From 30 to 39,3
1103,2020,Male,Pakistan,Medicine and Surgery,From 30 to 39,3
1104,2018,Male,Sudan,Medicine and Surgery,From 50 to 59,3
1105,2020,Male,Pakistan,Medicine and Surgery,From 40 to 49,3
1107,2018,Male,Saudi Arabia,Unknown,From 30 to 39,3
1108,2020,Male,Kuwait,Medicine and Surgery,From 20 to 29,3
1110,2018,Male,Saudi Arabia,Laboratories and Medical Technology,From 40 to 49,3
1112,2020,Male,Jordan,Medicine and Surgery,From 30 to 39,3
1115,2018,Male,Pakistan,Medicine and Surgery,From 30 to 39,3
1116,2020,Male,India,Medicine and Surgery,Unknown,3
1118,2018,Male,Jordan,Medicine and Surgery,From 40 to 49,3
1119,2020,Male,Immigrant Tribes,Medicine and Surgery,Unknown,3
1120,2019,Female,Jordan,Medicine and Surgery,From 30 to 39,3
1122,2020,Male,Sudan,Medicine and Surgery,From 50 to 59,3
1123,2018,Male,India,Medicine and Surgery,From 30 to 39,3
1124,2018,Male,Immigrant Tribes,Nursing and Midwifery,Unknown,3
1127,2019,Female,Kuwait,Medicine and Surgery,From 30 to 39,3
1128,2018,Male,Egypt,Medicine and Surgery,From 50 to 59,3
1129,2018,Female,India,Medicine and Surgery,From 40 to 49,3
1136,2019,Male,Pakistan,Medicine and Surgery,Unknown,3
1137,2019,Male,Palestine,Medicine and Surgery,From 20 to 29,3
1138,2019,Male,Sudan,Medicine and Surgery,From 50 to 59,3
1142,2017,Male,Kuwait,Dentistry and Related Specialties,From 40 to 49,3
1143,2017,Male,Yemen,Medicine and Surgery,From 50 to 59,3
1144,2021,Female,United Arab Emirates,Medicine and Surgery,From 30 to 39,3
1145,2020,Female,Kuwait,Medicine and Surgery,From 30 to 39,3
1146,2017,Male,United Arab Emirates,Medicine and Surgery,From 30 to 39,3
1148,2017,Male,Lebanon,Medicine and Surgery,Unknown,3
1149,2017,Male,Syria,Medicine and Surgery,From 20 to 29,3
1151,2017,Male,Sudan,Medicine and Surgery,From 50 to 59,3
1152,2021,Female,Saudi Arabia,Pharmacists and Pharmacy Technicians,From 40 to 49,3
1154,2021,Female,Syria,Medicine and Surgery,From 30 to 39,3
1155,2021,Female,Palestine,Medicine and Surgery,Unknown,3
1156,2017,Male,Iraq,Medicine and Surgery,Unknown,3
1157,2021,Female,Jordan,Medicine and Surgery,Unknown,3
1161,2019,Male,Jordan,Medicine and Surgery,From 30 to 39,3
1162,2020,Female,Saudi Arabia,Laboratories and Medical Technology,Unknown,3
1165,2019,Male,United Arab Emirates,Medicine and Surgery,From 20 to 29,3
1167,2021,Female,Palestine,Medicine and Surgery,From 30 to 39,3
1168,2020,Female,Bangladesh,Medicine and Surgery,From 20 to 29,3
1169,2021,Female,Syria,Medicine and Surgery,Unknown,3
1172,2020,Female,India,Medicine and Surgery,Unknown,3
1173,2019,Male,Kuwait,Medicine and Surgery,Unknown,3
1174,2021,Female,Pakistan,Medicine and Surgery,Unknown,3
1175,2020,Male,India,Medicine and Surgery,From 30 to 39,2
1176,2020,Male,India,Medicine and Surgery,From 20 to 29,2
1177,2019,Female,Iraq,Medicine and Surgery,Unknown,2
1178,2020,Female,Canada,Medicine and Surgery,From 20 to 29,2
1179,2019,Female,Eritrea,Medicine and Surgery,From 30 to 39,2
1180,2022,Male,Bahrain,Medicine and Surgery,Unknown,2
1181,2019,Female,Jordan,Medicine and Surgery,From 40 to 49,2
1182,2019,Male,Saudi Arabia,Unknown,From 30 to 39,2
1183,2020,Female,Bahrain,Medicine and Surgery,From 40 to 49,2
1184,2016,Female,Yemen,Medicine and Surgery,From 20 to 29,2
1185,2022,Female,Yemen,Medicine and Surgery,From 40 to 49,2
1186,2019,Female,Bangladesh,Medicine and Surgery,From 20 to 29,2
1187,2020,Male,Kuwait,Medicine and Surgery,From 40 to 49,2
1188,2019,Male,Sudan,Unknown,Unknown,2
1189,2019,Male,Sudan,Unknown,From 40 to 49,2
1190,2018,Male,United Arab Emirates,Medicine and Surgery,From 40 to 49,2
1191,2016,Female,Saudi Arabia,Nursing and Midwifery,From 20 to 29,2
1192,2018,Male,United Arab Emirates,Medicine and Surgery,Unknown,2
1193,2022,Male,Syria,Medicine and Surgery,From 30 to 39,2
1194,2022,Female,Syria,Medicine and Surgery,Unknown,2
1195,2018,Male,United Kingdom,Medicine and Surgery,From 30 to 39,2
1196,2019,Male,United Arab Emirates,Medicine and Surgery,From 30 to 39,2
1197,2018,Male,Yemen,Medicine and Surgery,From 50 to 59,2
1198,2019,Male,United Kingdom,Medicine and Surgery,From 30 to 39,2
1199,2018,Male,Yemen,Unknown,Unknown,2
1200,2019,Male,Yemen,Medicine and Surgery,From 50 to 59,2
1201,2019,Female,Bahrain,Medicine and Surgery,From 40 to 49,2
1202,2016,Female,Saudi Arabia,Nursing and Midwifery,Unknown,2
1203,2020,Male,Iraq,Medicine and Surgery,Unknown,2
1204,2019,Male,Sudan,Medicine and Surgery,From 20 to 29,2
1205,2019,Female,Lebanon,Medicine and Surgery,From 30 to 39,2
1206,2022,Male,Federated States Of Micronesia,Medicine and Surgery,From 30 to 39,2
1207,2022,Male,India,Medicine and Surgery,Unknown,2
1208,2020,Female,Pakistan,Medicine and Surgery,From 40 to 49,2
1209,2020,Female,Syria,Medicine and Surgery,From 30 to 39,2
1210,2016,Male,Iraq,Medicine and Surgery,Unknown,2
1211,2016,Male,Iraq,Medicine and Surgery,From 30 to 39,2
1212,2016,Male,Eritrea,Medicine and Surgery,Unknown,2
1213,2019,Female,United Arab Emirates,Medicine and Surgery,Unknown,2
1214,2019,Male,Algeria,Medicine and Surgery,From 20 to 29,2
1215,2016,Male,Canada,Medicine and Surgery,Unknown,2
1216,2019,Male,Pakistan,Medicine and Surgery,From 30 to 39,2
1217,2020,Female,Saudi Arabia,Nursing and Midwifery,Unknown,2
1218,2019,Male,Egypt,Medicine and Surgery,From 50 to 59,2
1219,2019,Male,Kuwait,Medicine and Surgery,From 20 to 29,2
1220,2016,Male,Bahrain,Medicine and Surgery,From 40 to 49,2
1221,2019,Male,Immigrant Tribes,Medicine and Surgery,From 30 to 39,2
1222,2019,Male,Immigrant Tribes,Medicine and Surgery,Unknown,2
1223,2019,Male,India,Medicine and Surgery,From 20 to 29,2
1224,2016,Female,United Arab Emirates,Medicine and Surgery,Unknown,2
1225,2019,Female,Somalia,Medicine and Surgery,Unknown,2
1226,2020,Female,United States,Medicine and Surgery,From 20 to 29,2
1227,2022,Male,Palestine,Medicine and Surgery,From 30 to 39,2
1228,2020,Female,India,Medicine and Surgery,From 30 to 39,2
1229,2019,Female,Kuwait,Dentistry and Related Specialties,From 30 to 39,2
1230,2019,Female,Kuwait,Medicine and Surgery,From 40 to 49,2
1231,2020,Male,Immigrant Tribes,Medicine and Surgery,From 30 to 39,2
1232,2019,Male,Saudi Arabia,Medicine and Surgery,From 50 to 59,2
1233,2019,Female,Kuwait,Medicine and Surgery,Unknown,2
1234,2019,Male,Iraq,Medicine and Surgery,Unknown,2
1235,2020,Female,Immigrant Tribes,Nursing and Midwifery,From 20 to 29,2
1236,2019,Female,Saudi Arabia,Dentistry and Related Specialties,From 40 to 49,2
1237,2016,Male,Kuwait,Dentistry and Related Specialties,From 30 to 39,2
1238,2022,Male,Pakistan,Medicine and Surgery,From 30 to 39,2
1239,2020,Female,Yemen,Medicine and Surgery,From 40 to 49,2
1240,2020,Female,Jordan,Medicine and Surgery,From 30 to 39,2
1241,2020,Female,United States,Medicine and Surgery,Unknown,2
1242,2022,Male,Pakistan,Medicine and Surgery,From 40 to 49,2
1243,2019,Male,Saudi Arabia,Laboratories and Medical Technology,From 20 to 29,2
1244,2016,Female,Sudan,Medicine and Surgery,From 20 to 29,2
1245,2019,Female,United States,Medicine and Surgery,From 30 to 39,2
1246,2017,Male,India,Medicine and Surgery,From 40 to 49,2
1247,2018,Male,United Arab Emirates,Medicine and Surgery,From 20 to 29,2
1248,2018,Female,Jordan,Medicine and Surgery,From 30 to 39,2
1249,2017,Male,United Kingdom,Medicine and Surgery,From 30 to 39,2
1250,2018,Female,Algeria,Medicine and Surgery,From 40 to 49,2
1251,2021,Male,Pakistan,Medicine and Surgery,From 30 to 39,2
1252,2018,Female,Bahrain,Medicine and Surgery,From 40 to 49,2
1253,2021,Female,Pakistan,Medicine and Surgery,From 40 to 49,2
1254,2018,Female,Bangladesh,Medicine and Surgery,From 20 to 29,2
1255,2021,Male,Pakistan,Medicine and Surgery,Unknown,2
1256,2021,Female,Jordan,Medicine and Surgery,From 40 to 49,2
1257,2017,Female,Saudi Arabia,Nursing and Midwifery,From 20 to 29,2
1258,2018,Female,Eritrea,Medicine and Surgery,From 30 to 39,2
1259,2018,Female,Iraq,Medicine and Surgery,Unknown,2
1260,2018,Female,Kuwait,Dentistry and Related Specialties,From 30 to 39,2
1261,2018,Male,Syria,Medicine and Surgery,From 50 to 59,2
1262,2018,Female,Kuwait,Medicine and Surgery,From 40 to 49,2
1263,2018,Female,Kuwait,Medicine and Surgery,Unknown,2
1264,2018,Female,Lebanon,Medicine and Surgery,From 30 to 39,2
1265,2021,Female,Indonesia,Medicine and Surgery,From 20 to 29,2
1266,2018,Female,Pakistan,Medicine and Surgery,Unknown,2
1267,2021,Female,Immigrant Tribes,Medicine and Surgery,From 20 to 29,2
1268,2018,Female,Saudi Arabia,Laboratories and Medical Technology,From 20 to 29,2
1269,2021,Male,Sudan,Medicine and Surgery,From 20 to 29,2
1270,2021,Female,Ethiopia,Medicine and Surgery,From 20 to 29,2
1271,2017,Female,Palestine,Medicine and Surgery,From 40 to 49,2
1272,2021,Female,Egypt,Medicine and Surgery,Unknown,2
1273,2021,Male,Mauritania,Medicine and Surgery,From 20 to 29,2
1274,2017,Male,United Arab Emirates,Medicine and Surgery,Unknown,2
1275,2021,Male,Kuwait,Medicine and Surgery,Unknown,2
1276,2021,Male,Kuwait,Medicine and Surgery,From 40 to 49,2
1277,2017,Male,Iraq,Medicine and Surgery,From 30 to 39,2
1278,2017,Male,Immigrant Tribes,Medicine and Surgery,Unknown,2
1279,2017,Male,Eritrea,Medicine and Surgery,Unknown,2
1280,2021,Male,Bahrain,Medicine and Surgery,Unknown,2
1281,2021,Female,Yemen,Pharmacists and Pharmacy Technicians,From 20 to 29,2
1282,2017,Male,Canada,Medicine and Surgery,Unknown,2
1283,2017,Male,Kuwait,Dentistry and Related Specialties,From 30 to 39,2
1284,2017,Male,Bahrain,Medicine and Surgery,From 40 to 49,2
1285,2017,Male,Bahrain,Medicine and Surgery,From 30 to 39,2
1286,2021,Female,Yemen,Medicine and Surgery,From 40 to 49,2
1287,2017,Male,Bahrain,Medicine and Surgery,From 20 to 29,2
1288,2017,Male,Afghanistan,Medicine and Surgery,Unknown,2
1289,2021,Female,United States,Medicine and Surgery,Unknown,2
1290,2017,Male,Pakistan,Medicine and Surgery,From 50 to 59,2
1291,2021,Female,United States,Medicine and Surgery,From 20 to 29,2
1292,2017,Female,Yemen,Dentistry and Related Specialties,Unknown,2
1293,2021,Male,India,Medicine and Surgery,From 20 to 29,2
1294,2017,Male,Saudi Arabia,Pharmacists and Pharmacy Technicians,From 40 to 49,2
1295,2021,Female,Somalia,Medicine and Surgery,From 20 to 29,2
1296,2017,Male,Saudi Arabia,Unknown,From 30 to 39,2
1297,2017,Male,Sudan,Medicine and Surgery,From 20 to 29,2
1298,2017,Male,Sudan,Unknown,Unknown,2
1299,2017,Male,United Arab Emirates,Medicine and Surgery,From 40 to 49,2
1300,2021,Female,Egypt,Dentistry and Related Specialties,From 20 to 29,2
1301,2021,Female,Canada,Medicine and Surgery,Unknown,2
1302,2021,Female,Canada,Medicine and Surgery,From 20 to 29,2
1303,2018,Male,India,Medicine and Surgery,From 40 to 49,2
1304,2017,Female,Algeria,Medicine and Surgery,From 40 to 49,2
1305,2018,Male,Iraq,Medicine and Surgery,Unknown,2
1306,2021,Male,Afghanistan,Medicine and Surgery,From 30 to 39,2
1307,2018,Male,Kuwait,Dentistry and Related Specialties,From 40 to 49,2
1308,2022,Female,India,Medicine and Surgery,Unknown,2
1309,2016,Male,United Arab Emirates,Medicine and Surgery,Unknown,2
1310,2016,Male,United Arab Emirates,Medicine and Surgery,From 40 to 49,2
1311,2018,Male,Kuwait,Medicine and Surgery,From 40 to 49,2
1312,2018,Male,Lebanon,Medicine and Surgery,Unknown,2
1313,2022,Female,Jordan,Medicine and Surgery,Unknown,2
1314,2016,Male,Syria,Medicine and Surgery,From 40 to 49,2
1315,2018,Male,Pakistan,Medicine and Surgery,From 20 to 29,2
1316,2016,Male,Syria,Medicine and Surgery,From 20 to 29,2
1317,2016,Male,Sudan,Unknown,Unknown,2
1318,2020,Male,Saudi Arabia,Laboratories and Medical Technology,From 40 to 49,2
1319,2018,Male,Saudi Arabia,Medicine and Surgery,From 50 to 59,2
1320,2018,Male,Saudi Arabia,Medicine and Surgery,Less Than 20,2
1321,2020,Male,Pakistan,Medicine and Surgery,Unknown,2
1322,2016,Male,Sudan,Medicine and Surgery,From 20 to 29,2
1323,2018,Male,Sudan,Medicine and Surgery,From 20 to 29,2
1324,2018,Male,Sudan,Unknown,From 40 to 49,2
1325,2018,Male,Sudan,Unknown,Unknown,2
1326,2018,Male,Syria,Medicine and Surgery,From 20 to 29,2
1327,2018,Male,Iraq,Medicine and Surgery,From 30 to 39,2
1328,2017,Female,Bahrain,Medicine and Surgery,From 40 to 49,2
1329,2021,Female,Bangladesh,Medicine and Surgery,From 20 to 29,2
1330,2020,Male,Sudan,Unknown,Unknown,2
1331,2017,Female,Oman,Medicine and Surgery,Unknown,2
1332,2017,Female,Kuwait,Medicine and Surgery,Unknown,2
1333,2018,Female,Saudi Arabia,Nursing and Midwifery,From 40 to 49,2
1334,2017,Female,Kuwait,Dentistry and Related Specialties,From 30 to 39,2
1335,2021,Female,Bahrain,Medicine and Surgery,From 40 to 49,2
1336,2017,Female,Jordan,Medicine and Surgery,From 50 to 59,2
1337,2017,Female,Jordan,Medicine and Surgery,From 40 to 49,2
1338,2017,Female,Jordan,Medicine and Surgery,From 30 to 39,2
1339,2017,Female,Iraq,Medicine and Surgery,Unknown,2
1340,2017,Female,Iraq,Medicine and Surgery,From 40 to 49,2
1341,2018,Female,Somalia,Medicine and Surgery,Unknown,2
1342,2021,Male,Syria,Medicine and Surgery,From 40 to 49,2
1343,2018,Female,Syria,Medicine and Surgery,From 20 to 29,2
1344,2021,Male,United Arab Emirates,Medicine and Surgery,From 30 to 39,2
1345,2018,Female,Yemen,Dentistry and Related Specialties,Unknown,2
1346,2021,Male,Yemen,Unknown,Unknown,2
1347,2018,Male,Afghanistan,Medicine and Surgery,Unknown,2
1348,2017,Female,Eritrea,Medicine and Surgery,From 30 to 39,2
1349,2018,Male,Bahrain,Medicine and Surgery,From 40 to 49,2
1350,2022,Female,Bahrain,Medicine and Surgery,From 20 to 29,2
1351,2018,Male,Eritrea,Medicine and Surgery,Unknown,2
1352,2018,Male,Immigrant Tribes,Medicine and Surgery,Unknown,2
1353,2017,Female,Egypt,Medicine and Surgery,From 20 to 29,2
1354,2021,Female,Iraq,Medicine and Surgery,Unknown,2
1355,2016,Female,Morocco,Medicine and Surgery,Unknown,2
1356,2016,Female,Saudi Arabia,Laboratories and Medical Technology,Unknown,2
1491,2016,Female,Jordan,Medicine and Surgery,From 50 to 59,2
1494,2016,Female,Jordan,Medicine and Surgery,From 40 to 49,2
1509,2016,Female,Algeria,Medicine and Surgery,From 40 to 49,2
1513,2016,Female,Oman,Medicine and Surgery,Unknown,2
1514,2016,Female,Bahrain,Medicine and Surgery,From 30 to 39,2
1522,2016,Female,Palestine,Medicine and Surgery,From 40 to 49,2
1524,2016,Female,Egypt,Dentistry and Related Specialties,Unknown,2
1527,2016,Female,Bahrain,Medicine and Surgery,From 20 to 29,2
1529,2016,Female,Algeria,Medicine and Surgery,Unknown,2
1532,2020,Male,Bangladesh,Medicine and Surgery,From 20 to 29,1
1534,2020,Female,Turkey,Medicine and Surgery,From 30 to 39,1
1535,2020,Female,Yemen,Dentistry and Related Specialties,Unknown,1
1540,2020,Female,Turkmenistan,Medicine and Surgery,Unknown,1
1541,2020,Male,Belize,Medicine and Surgery,From 20 to 29,1
1542,2020,Female,United States,Medicine and Surgery,From 30 to 39,1
1544,2019,Male,Oman,Medicine and Surgery,Unknown,1
1545,2020,Female,Turkestan,Medicine and Surgery,From 20 to 29,1
1546,2020,Female,United Kingdom,Medicine and Surgery,From 20 to 29,1
1548,2020,Male,Bahrain,Medicine and Surgery,From 40 to 49,1
1550,2020,Female,Yemen,Nursing and Midwifery,From 40 to 49,1
1554,2020,Female,Yemen,Pharmacists and Pharmacy Technicians,From 20 to 29,1
1556,2019,Male,Pakistan,Medicine and Surgery,From 50 to 59,1
1557,2020,Male,Afghanistan,Medicine and Surgery,From 20 to 29,1
1559,2020,Male,Afghanistan,Medicine and Surgery,From 30 to 39,1
1560,2020,Female,Yemen,Medicine and Surgery,From 50 to 59,1
1562,2020,Male,Afghanistan,Medicine and Surgery,Unknown,1
1563,2020,Female,United Arab Emirates,Medicine and Surgery,From 40 to 49,1
1567,2020,Male,Algeria,Medicine and Surgery,From 20 to 29,1
1569,2019,Male,Palestine,Medicine and Surgery,From 40 to 49,1
1570,2019,Male,United States,Medicine and Surgery,From 20 to 29,1
1572,2019,Male,Nigeria,Medicine and Surgery,From 30 to 39,1
1574,2019,Male,Jordan,Medicine and Surgery,From 40 to 49,1
1578,2020,Male,Kuwait,Dentistry and Related Specialties,From 30 to 39,1
1583,2020,Male,Lebanon,Medicine and Surgery,From 20 to 29,1
1584,2020,Male,Lebanon,Medicine and Surgery,From 40 to 49,1
1585,2020,Male,Malaysia,Medicine and Surgery,Unknown,1
1586,2019,Male,Jordan,Dentistry and Related Specialties,From 20 to 29,1
1588,2019,Male,Iraq,Medicine and Surgery,From 20 to 29,1
1589,2020,Male,Malta,Medicine and Surgery,From 30 to 39,1
1590,2020,Male,Mauritania,Medicine and Surgery,From 40 to 49,1
1591,2020,Male,Mauritania,Medicine and Surgery,Unknown,1
1592,2020,Male,Oman,Medicine and Surgery,Unknown,1
1596,2019,Male,Indonesia,Medicine and Surgery,Unknown,1
1602,2020,Male,Jordan,Dentistry and Related Specialties,From 30 to 39,1
1603,2020,Male,Jordan,Dentistry and Related Specialties,From 20 to 29,1
1605,2019,Male,Lebanon,Medicine and Surgery,From 30 to 39,1
1607,2019,Male,Mauritania,Medicine and Surgery,Unknown,1
1608,2020,Male,Egypt,Medicine and Surgery,From 50 to 59,1
1610,2019,Male,Mauritania,Medicine and Surgery,From 20 to 29,1
1611,2020,Male,Eritrea,Medicine and Surgery,From 30 to 39,1
1612,2020,Male,Eritrea,Medicine and Surgery,Unknown,1
1613,2020,Female,Thailand,Medicine and Surgery,From 30 to 39,1
1615,2020,Male,Federated States Of Micronesia,Medicine and Surgery,From 40 to 49,1
1616,2019,Male,Malaysia,Medicine and Surgery,Unknown,1
1617,2020,Male,Federated States Of Micronesia,Medicine and Surgery,From 50 to 59,1
1618,2019,Male,Lebanon,Medicine and Surgery,From 40 to 49,1
1619,2020,Male,Germany,Medicine and Surgery,From 40 to 49,1
1620,2020,Male,Iraq,Medicine and Surgery,From 20 to 29,1
1621,2019,Male,Lebanon,Medicine and Surgery,From 20 to 29,1
1625,2020,Male,Immigrant Tribes,Medicine and Surgery,From 40 to 49,1
1631,2020,Male,Indonesia,Medicine and Surgery,Unknown,1
1633,2019,Male,Kuwait,Dentistry and Related Specialties,From 30 to 39,1
1634,2020,Female,Tunisia,Medicine and Surgery,From 20 to 29,1
1637,2020,Female,Kuwait,Medicine and Surgery,Unknown,1
1638,2020,Female,Federated States Of Micronesia,Medicine and Surgery,From 30 to 39,1
1639,2020,Female,Germany,Medicine and Surgery,From 40 to 49,1
1641,2019,Male,Syria,Dentistry and Related Specialties,Unknown,1
1647,2020,Female,Indonesia,Medicine and Surgery,From 20 to 29,1
1648,2020,Female,Indonesia,Medicine and Surgery,From 40 to 49,1
1650,2020,Female,Iran,Medicine and Surgery,From 20 to 29,1
1651,2020,Female,Iraq,Medicine and Surgery,From 20 to 29,1
1652,2020,Female,Iraq,Medicine and Surgery,From 30 to 39,1
1653,2020,Female,Iraq,Medicine and Surgery,From 40 to 49,1
1654,2020,Female,Iraq,Medicine and Surgery,Unknown,1
1657,2020,Female,Jordan,Medicine and Surgery,From 40 to 49,1
1659,2020,Female,Jordan,Pharmacists and Pharmacy Technicians,From 30 to 39,1
1660,2019,Male,Spain,Medicine and Surgery,From 20 to 29,1
1661,2019,Male,Somalia,Medicine and Surgery,Unknown,1
1662,2020,Female,Kuwait,Dentistry and Related Specialties,From 30 to 39,1
1663,2020,Female,Kuwait,Medicine and Surgery,From 20 to 29,1
1664,2019,Male,Somalia,Medicine and Surgery,From 30 to 39,1
1665,2020,Female,Ethiopia,Medicine and Surgery,Unknown,1
1667,2020,Female,Ethiopia,Medicine and Surgery,From 20 to 29,1
1675,2019,Male,Yemen,Unknown,Unknown,1
1677,2019,Male,United Arab Emirates,Medicine and Surgery,From 40 to 49,1
1681,2019,Male,Tunisia,Medicine and Surgery,From 30 to 39,1
1682,2020,Female,Eritrea,Medicine and Surgery,From 30 to 39,1
1685,2020,Female,Canada,Medicine and Surgery,From 30 to 39,1
1686,2020,Female,Djibouti,Medicine and Surgery,Unknown,1
1687,2020,Female,Egypt,Dentistry and Related Specialties,From 20 to 29,1
1690,2019,Male,Syria,Medicine and Surgery,From 50 to 59,1
1692,2020,Female,Egypt,Medicine and Surgery,From 50 to 59,1
1696,2020,Female,Lebanon,Medicine and Surgery,From 30 to 39,1
1703,2020,Female,Saudi Arabia,Nursing and Midwifery,From 50 to 59,1
1708,2020,Female,Saudi Arabia,Unknown,From 30 to 39,1
1711,2020,Female,Somalia,Medicine and Surgery,From 30 to 39,1
1713,2020,Female,Somalia,Medicine and Surgery,Unknown,1
1714,2020,Female,Spain,Medicine and Surgery,From 20 to 29,1
1716,2019,Male,Uzbekistan,Medicine and Surgery,From 40 to 49,1
1718,2020,Female,Syria,Dentistry and Related Specialties,From 20 to 29,1
1719,2020,Female,Syria,Dentistry and Related Specialties,From 30 to 39,1
1725,2020,Female,Syria,Medicine and Surgery,From 40 to 49,1
1726,2019,Male,Saudi Arabia,Medicine and Surgery,From 80 to 89,1
1730,2020,Female,Lebanon,Medicine and Surgery,Unknown,1
1731,2020,Female,Libya,Medicine and Surgery,From 20 to 29,1
1734,2020,Female,New Zealand,Medicine and Surgery,From 20 to 29,1
1735,2020,Female,Oman,Medicine and Surgery,Unknown,1
1738,2020,Female,Pakistan,Medicine and Surgery,From 50 to 59,1
1739,2020,Female,Palestine,Dentistry and Related Specialties,From 20 to 29,1
1740,2019,Male,Saudi Arabia,Unknown,From 20 to 29,1
1743,2020,Female,Saudi Arabia,Medicine and Surgery,From 70 to 79,1
1744,2019,Male,Saudi Arabia,Nursing and Midwifery,Unknown,1
1751,2019,Male,Saudi Arabia,Medicine and Surgery,Less Than 20,1
1752,2020,Female,Saudi Arabia,Laboratories and Medical Technology,From 40 to 49,1
1756,2020,Female,Mali,Medicine and Surgery,From 30 to 39,1
1759,2021,Male,United Kingdom,Medicine and Surgery,From 30 to 39,1
1763,2021,Male,Syria,Dentistry and Related Specialties,From 30 to 39,1
1764,2021,Male,Sudan,Unknown,From 40 to 49,1
1768,2021,Male,Spain,Medicine and Surgery,From 20 to 29,1
1769,2021,Male,Somalia,Medicine and Surgery,From 20 to 29,1
1776,2021,Male,United States,Medicine and Surgery,From 20 to 29,1
1778,2021,Male,Unknown,Medicine and Surgery,From 30 to 39,1
1779,2022,Female,India,Medicine and Surgery,From 20 to 29,1
1780,2022,Female,France,Medicine and Surgery,Unknown,1
1781,2022,Female,Egypt,Medicine and Surgery,From 50 to 59,1
1784,2022,Female,Bangladesh,Medicine and Surgery,From 20 to 29,1
1786,2022,Female,Bahrain,Medicine and Surgery,From 40 to 49,1
1793,2021,Male,Yemen,Dentistry and Related Specialties,From 20 to 29,1
1794,2021,Male,Saudi Arabia,Medicine and Surgery,From 80 to 89,1
1798,2021,Male,Malta,Medicine and Surgery,From 30 to 39,1
1799,2021,Male,Lebanon,Medicine and Surgery,Unknown,1
1800,2021,Male,Lebanon,Medicine and Surgery,From 20 to 29,1
1806,2021,Male,Jordan,Medicine and Surgery,From 30 to 39,1
1808,2021,Male,Jordan,Dentistry and Related Specialties,From 30 to 39,1
1809,2021,Male,Iraq,Medicine and Surgery,Unknown,1
1810,2021,Male,Iraq,Medicine and Surgery,From 20 to 29,1
1811,2021,Male,Indonesia,Medicine and Surgery,Unknown,1
1812,2021,Male,India,Medicine and Surgery,From 30 to 39,1
1814,2021,Male,Mauritania,Medicine and Surgery,From 40 to 49,1
1815,2021,Male,Niger,Medicine and Surgery,From 20 to 29,1
1824,2021,Male,Nigeria,Medicine and Surgery,From 30 to 39,1
1825,2021,Male,Palestine,Medicine and Surgery,From 40 to 49,1
1830,2021,Male,Oman,Medicine and Surgery,Unknown,1
1831,2022,Female,India,Medicine and Surgery,From 30 to 39,1
1832,2022,Female,Iraq,Medicine and Surgery,Unknown,1
1837,2022,Male,Saudi Arabia,Dentistry and Related Specialties,From 40 to 49,1
1839,2022,Male,Palestine,Medicine and Surgery,From 40 to 49,1
1841,2022,Male,Pakistan,Medicine and Surgery,From 50 to 59,1
1843,2022,Male,Nigeria,Medicine and Surgery,From 30 to 39,1
1844,2022,Male,Mauritania,Medicine and Surgery,From 20 to 29,1
1845,2022,Male,Malta,Medicine and Surgery,From 30 to 39,1
1846,2022,Male,Lebanon,Medicine and Surgery,Unknown,1
1849,2022,Male,Jordan,Medicine and Surgery,From 30 to 39,1
1852,2022,Female,Jordan,Medicine and Surgery,From 40 to 49,1
1856,2022,Male,Unknown,Medicine and Surgery,From 30 to 39,1
1857,2022,Male,Tunisia,Medicine and Surgery,From 30 to 39,1
1859,2022,Male,Syria,Medicine and Surgery,From 20 to 29,1
1860,2022,Male,Sudan,Unknown,From 40 to 49,1
1864,2022,Male,Somalia,Medicine and Surgery,From 30 to 39,1
1866,2022,Male,Saudi Arabia,Unknown,From 30 to 39,1
1867,2022,Male,Saudi Arabia,Unknown,From 20 to 29,1
1869,2022,Male,Iraq,Medicine and Surgery,From 30 to 39,1
1870,2022,Male,India,Medicine and Surgery,From 30 to 39,1
1871,2022,Male,Immigrant Tribes,Medicine and Surgery,Unknown,1
1872,2022,Male,Immigrant Tribes,Medicine and Surgery,From 30 to 39,1
1875,2022,Female,Saudi Arabia,Unknown,From 20 to 29,1
1882,2022,Female,Palestine,Medicine and Surgery,From 30 to 39,1
1883,2022,Female,Pakistan,Medicine and Surgery,From 40 to 49,1
1884,2022,Female,Pakistan,Medicine and Surgery,From 30 to 39,1
1885,2022,Female,Lebanon,Medicine and Surgery,Unknown,1
1886,2022,Female,Jordan,Pharmacists and Pharmacy Technicians,From 30 to 39,1
1891,2022,Male,Bahrain,Medicine and Surgery,From 30 to 39,1
1895,2022,Male,Bangladesh,Medicine and Surgery,Unknown,1
1896,2022,Male,Bangladesh,Medicine and Surgery,From 30 to 39,1
1899,2022,Female,Turkey,Medicine and Surgery,Unknown,1
1902,2022,Female,United States,Medicine and Surgery,Unknown,1
1903,2022,Female,United Arab Emirates,Medicine and Surgery,Unknown,1
1904,2022,Female,United Arab Emirates,Medicine and Surgery,From 40 to 49,1
1907,2021,Male,Immigrant Tribes,Medicine and Surgery,Unknown,1
1908,2021,Male,Immigrant Tribes,Medicine and Surgery,From 40 to 49,1
1909,2021,Female,France,Medicine and Surgery,Unknown,1
1910,2021,Female,Ethiopia,Medicine and Surgery,Unknown,1
1915,2021,Female,Djibouti,Medicine and Surgery,Unknown,1
1916,2021,Female,Djibouti,Medicine and Surgery,From 20 to 29,1
1918,2021,Female,Canada,Medicine and Surgery,From 30 to 39,1
1922,2020,Male,Yemen,Unknown,Unknown,1
1924,2020,Male,Yemen,Medicine and Surgery,From 50 to 59,1
1925,2021,Female,Federated States Of Micronesia,Medicine and Surgery,From 30 to 39,1
1926,2021,Female,Germany,Medicine and Surgery,From 40 to 49,1
1927,2021,Male,Immigrant Tribes,Medicine and Surgery,From 30 to 39,1
1929,2021,Female,Lebanon,Medicine and Surgery,From 30 to 39,1
1930,2021,Female,Kuwait,Medicine and Surgery,From 30 to 39,1
1931,2021,Female,Kuwait,Medicine and Surgery,From 20 to 29,1
1936,2021,Female,Iraq,Medicine and Surgery,From 30 to 39,1
1937,2021,Female,Iraq,Medicine and Surgery,From 20 to 29,1
1938,2021,Female,Iran,Medicine and Surgery,From 20 to 29,1
1941,2021,Female,India,Medicine and Surgery,From 30 to 39,1
1943,2021,Female,Immigrant Tribes,Nursing and Midwifery,From 20 to 29,1
1946,2020,Male,Uzbekistan,Medicine and Surgery,From 40 to 49,1
1947,2020,Male,United States,Medicine and Surgery,From 20 to 29,1
1948,2020,Male,Saudi Arabia,Unknown,From 30 to 39,1
1949,2020,Male,Saudi Arabia,Unknown,From 20 to 29,1
1951,2020,Male,Saudi Arabia,Nursing and Midwifery,Unknown,1
1955,2020,Male,Saudi Arabia,Medicine and Surgery,Less Than 20,1
1956,2020,Male,Saudi Arabia,Medicine and Surgery,From 80 to 89,1
1957,2020,Male,Saudi Arabia,Medicine and Surgery,From 50 to 59,1
1964,2020,Male,Somalia,Medicine and Surgery,From 20 to 29,1
1965,2020,Male,Somalia,Medicine and Surgery,Unknown,1
1966,2020,Male,Syria,Dentistry and Related Specialties,From 30 to 39,1
1967,2020,Male,United Kingdom,Medicine and Surgery,From 30 to 39,1
1968,2020,Male,United Arab Emirates,Medicine and Surgery,From 40 to 49,1
1974,2020,Male,Spain,Medicine and Surgery,From 20 to 29,1
1975,2020,Male,Sudan,Unknown,From 40 to 49,1
1980,2020,Male,Sudan,Medicine and Surgery,From 20 to 29,1
1981,2021,Female,Lebanon,Medicine and Surgery,Unknown,1
1982,2021,Female,Mali,Medicine and Surgery,From 30 to 39,1
1983,2021,Female,Mauritania,Medicine and Surgery,From 20 to 29,1
1984,2021,Female,Turkestan,Medicine and Surgery,From 20 to 29,1
1985,2021,Male,Algeria,Medicine and Surgery,From 20 to 29,1
1986,2021,Male,Afghanistan,Medicine and Surgery,Unknown,1
1987,2021,Male,Afghanistan,Medicine and Surgery,From 20 to 29,1
1989,2021,Female,Yemen,Medicine and Surgery,From 50 to 59,1
1991,2021,Female,Yemen,Laboratories and Medical Technology,From 20 to 29,1
1992,2021,Female,Yemen,Dentistry and Related Specialties,Unknown,1
1994,2021,Female,United Kingdom,Medicine and Surgery,From 20 to 29,1
1998,2021,Female,Turkmenistan,Medicine and Surgery,Unknown,1
1999,2021,Female,Turkey,Medicine and Surgery,Unknown,1
2002,2021,Male,Bangladesh,Medicine and Surgery,From 20 to 29,1
2003,2021,Male,Eritrea,Medicine and Surgery,From 30 to 39,1
2004,2021,Male,Germany,Medicine and Surgery,From 40 to 49,1
2005,2021,Male,Federated States Of Micronesia,Medicine and Surgery,From 50 to 59,1
2006,2021,Male,Federated States Of Micronesia,Medicine and Surgery,From 40 to 49,1
2008,2021,Male,Ethiopia,Medicine and Surgery,From 20 to 29,1
2009,2021,Male,Eritrea,Medicine and Surgery,Unknown,1
2011,2021,Male,Bangladesh,Medicine and Surgery,From 30 to 39,1
2015,2021,Male,Egypt,Dentistry and Related Specialties,From 20 to 29,1
2016,2021,Male,Belize,Medicine and Surgery,From 20 to 29,1
2017,2021,Male,Bangladesh,Medicine and Surgery,Unknown,1
2018,2021,Female,Turkey,Medicine and Surgery,From 30 to 39,1
2019,2021,Female,Tunisia,Medicine and Surgery,From 20 to 29,1
2020,2021,Female,New Zealand,Medicine and Surgery,From 20 to 29,1
2021,2021,Female,Thailand,Medicine and Surgery,From 30 to 39,1
2024,2021,Female,Saudi Arabia,Laboratories and Medical Technology,From 40 to 49,1
2028,2021,Female,Saudi Arabia,Dentistry and Related Specialties,From 40 to 49,1
2032,2021,Female,Palestine,Dentistry and Related Specialties,From 20 to 29,1
2035,2021,Female,Pakistan,Medicine and Surgery,From 30 to 39,1
2040,2021,Female,Sudan,Medicine and Surgery,From 60 to 69,1
2044,2021,Female,Syria,Dentistry and Related Specialties,From 30 to 39,1
2045,2021,Female,Syria,Dentistry and Related Specialties,From 20 to 29,1
2050,2021,Female,Spain,Medicine and Surgery,From 20 to 29,1
2053,2021,Female,Saudi Arabia,Unknown,From 20 to 29,1
2055,2019,Male,Immigrant Tribes,Nursing and Midwifery,From 30 to 39,1
2057,2019,Male,Immigrant Tribes,Medicine and Surgery,From 40 to 49,1
2059,2017,Female,United States,Medicine and Surgery,From 30 to 39,1
2060,2017,Female,United Kingdom,Medicine and Surgery,From 40 to 49,1
2061,2017,Female,United Arab Emirates,Medicine and Surgery,Unknown,1
2062,2017,Female,United Arab Emirates,Medicine and Surgery,From 40 to 49,1
2065,2017,Female,Turkmenistan,Medicine and Surgery,Unknown,1
2067,2017,Female,Syria,Medicine and Surgery,From 40 to 49,1
2068,2017,Female,Syria,Dentistry and Related Specialties,From 40 to 49,1
2069,2017,Female,Sudan,Medicine and Surgery,From 60 to 69,1
2073,2017,Female,Somalia,Medicine and Surgery,From 40 to 49,1
2074,2017,Female,United States,Medicine and Surgery,From 40 to 49,1
2075,2017,Female,Yemen,Dentistry and Related Specialties,From 40 to 49,1
2078,2017,Male,Eritrea,Medicine and Surgery,From 30 to 39,1
2080,2017,Male,Egypt,Medicine and Surgery,From 50 to 59,1
2083,2017,Male,Canada,Medicine and Surgery,From 30 to 39,1
2084,2017,Male,Bangladesh,Medicine and Surgery,From 30 to 39,1
2085,2017,Male,Bahrain,Nursing and Midwifery,From 40 to 49,1
2094,2017,Female,Saudi Arabia,Unknown,From 20 to 29,1
2095,2018,Female,Azerbaijan,Medicine and Surgery,From 40 to 49,1
2097,2017,Female,Russia,Medicine and Surgery,Unknown,1
2098,2017,Female,Palestine,Nursing and Midwifery,Unknown,1
2102,2017,Female,Palestine,Medicine and Surgery,From 20 to 29,1
2103,2017,Female,Palestine,Dentistry and Related Specialties,Unknown,1
2105,2017,Female,Pakistan,Medicine and Surgery,From 50 to 59,1
2108,2017,Female,Pakistan,Medicine and Surgery,From 20 to 29,1
2110,2017,Female,Oman,Medicine and Surgery,From 40 to 49,1
2111,2017,Female,Morocco,Medicine and Surgery,Unknown,1
2115,2017,Female,Saudi Arabia,Dentistry and Related Specialties,From 50 to 59,1
2120,2017,Female,Saudi Arabia,Nursing and Midwifery,From 40 to 49,1
2125,2017,Female,Saudi Arabia,Medicine and Surgery,From 60 to 69,1
2129,2017,Female,Saudi Arabia,Laboratories and Medical Technology,From 40 to 49,1
2132,2017,Male,Immigrant Tribes,Medicine and Surgery,From 30 to 39,1
2139,2017,Male,Somalia,Medicine and Surgery,Unknown,1
2140,2017,Male,Somalia,Medicine and Surgery,From 30 to 39,1
2141,2017,Male,Saudi Arabia,Unknown,From 40 to 49,1
2142,2017,Male,Saudi Arabia,Unknown,From 20 to 29,1
2147,2017,Male,Saudi Arabia,Nursing and Midwifery,From 40 to 49,1
2149,2017,Male,Saudi Arabia,Nursing and Midwifery,From 20 to 29,1
2151,2017,Male,Syria,Dentistry and Related Specialties,Unknown,1
2158,2017,Male,Yemen,Dentistry and Related Specialties,From 40 to 49,1
2159,2017,Male,Unknown,Medicine and Surgery,From 40 to 49,1
2160,2017,Male,United Kingdom,Medicine and Surgery,Unknown,1
2164,2017,Male,Tunisia,Medicine and Surgery,From 30 to 39,1
2166,2017,Male,Syria,Medicine and Surgery,From 60 to 69,1
2167,2017,Male,Syria,Medicine and Surgery,From 50 to 59,1
2170,2017,Male,Saudi Arabia,Medicine and Surgery,Less Than 20,1
2173,2017,Male,Malaysia,Medicine and Surgery,Unknown,1
2174,2017,Male,Lebanon,Medicine and Surgery,From 30 to 39,1
2182,2017,Male,Jordan,Medicine and Surgery,From 20 to 29,1
2184,2017,Male,Iraq,Medicine and Surgery,From 40 to 49,1
2186,2017,Male,Indonesia,Medicine and Surgery,Unknown,1
2187,2017,Male,India,Medicine and Surgery,From 50 to 59,1
2188,2017,Male,Mauritania,Medicine and Surgery,From 20 to 29,1
2189,2017,Male,Mauritania,Medicine and Surgery,From 40 to 49,1
2190,2017,Male,Mauritania,Medicine and Surgery,Unknown,1
2199,2017,Male,Nigeria,Medicine and Surgery,From 30 to 39,1
2201,2017,Male,Palestine,Medicine and Surgery,From 20 to 29,1
2205,2017,Male,Oman,Medicine and Surgery,From 40 to 49,1
2206,2017,Female,Mauritania,Medicine and Surgery,From 30 to 39,1
2207,2017,Female,Lebanon,Medicine and Surgery,Unknown,1
2208,2017,Female,Lebanon,Medicine and Surgery,From 30 to 39,1
2209,2016,Female,Bahrain,Medicine and Surgery,From 40 to 49,1
2210,2016,Female,Bangladesh,Medicine and Surgery,Unknown,1
2211,2016,Male,Iraq,Medicine and Surgery,From 40 to 49,1
2212,2016,Female,Belgium,Medicine and Surgery,From 20 to 29,1
2213,2016,Female,Canada,Medicine and Surgery,Unknown,1
2214,2016,Male,India,Medicine and Surgery,From 40 to 49,1
2215,2016,Female,China,Medicine and Surgery,From 30 to 39,1
2216,2016,Male,Immigrant Tribes,Medicine and Surgery,Unknown,1
2217,2016,Male,Eritrea,Medicine and Surgery,From 30 to 39,1
2218,2016,Female,Egypt,Medicine and Surgery,From 20 to 29,1
2219,2016,Male,Egypt,Medicine and Surgery,From 60 to 69,1
2220,2016,Female,Eritrea,Medicine and Surgery,From 30 to 39,1
2221,2016,Female,Eritrea,Medicine and Surgery,Unknown,1
2222,2016,Male,Egypt,Medicine and Surgery,From 20 to 29,1
2223,2016,Male,Egypt,Dentistry and Related Specialties,Unknown,1
2224,2016,Female,France,Medicine and Surgery,Unknown,1
2225,2016,Male,Jordan,Medicine and Surgery,From 20 to 29,1
2226,2016,Male,Kuwait,Dentistry and Related Specialties,From 40 to 49,1
2228,2016,Male,Kuwait,Dentistry and Related Specialties,Unknown,1
2232,2016,Male,Pakistan,Medicine and Surgery,From 40 to 49,1
2234,2016,Male,Oman,Medicine and Surgery,Unknown,1
2235,2016,Male,Oman,Medicine and Surgery,From 40 to 49,1
2236,2016,Male,Nigeria,Medicine and Surgery,From 30 to 39,1
2237,2016,Male,Mauritania,Medicine and Surgery,Unknown,1
2238,2016,Male,Mauritania,Medicine and Surgery,From 40 to 49,1
2239,2016,Male,Mauritania,Medicine and Surgery,From 20 to 29,1
2241,2016,Male,Lebanon,Medicine and Surgery,From 30 to 39,1
2244,2016,Male,Bangladesh,Medicine and Surgery,Unknown,1
2245,2016,Male,Bangladesh,Medicine and Surgery,From 30 to 39,1
2246,2016,Female,India,Medicine and Surgery,From 20 to 29,1
2247,2016,Female,Indonesia,Medicine and Surgery,From 40 to 49,1
2248,2016,Female,Syria,Dentistry and Related Specialties,From 40 to 49,1
2249,2016,Female,Kyrgyzstan,Medicine and Surgery,Unknown,1
2250,2016,Female,Sudan,Medicine and Surgery,From 60 to 69,1
2251,2016,Female,Lebanon,Medicine and Surgery,From 30 to 39,1
2252,2016,Female,Mauritania,Medicine and Surgery,From 30 to 39,1
2253,2016,Female,Nigeria,Medicine and Surgery,Unknown,1
2254,2016,Female,Oman,Medicine and Surgery,From 40 to 49,1
2255,2016,Female,Somalia,Medicine and Surgery,From 40 to 49,1
2256,2016,Female,Pakistan,Medicine and Surgery,From 20 to 29,1
2257,2016,Female,Saudi Arabia,Unknown,From 20 to 29,1
2258,2016,Female,Palestine,Dentistry and Related Specialties,Unknown,1
2259,2016,Female,Palestine,Medicine and Surgery,From 20 to 29,1
2260,2016,Female,Qatar,Medicine and Surgery,Unknown,1
2261,2016,Female,Russia,Medicine and Surgery,Unknown,1
2262,2016,Female,Saudi Arabia,Nursing and Midwifery,From 40 to 49,1
2263,2016,Female,Kuwait,Medicine and Surgery,From 40 to 49,1
2264,2016,Female,Syria,Medicine and Surgery,From 40 to 49,1
2265,2016,Female,Kuwait,Medicine and Surgery,From 30 to 39,1
2266,2016,Female,Jordan,Medicine and Surgery,From 30 to 39,1
2267,2016,Male,Bahrain,Medicine and Surgery,From 30 to 39,1
2268,2016,Male,Bahrain,Medicine and Surgery,From 20 to 29,1
2269,2016,Male,Algeria,Medicine and Surgery,Unknown,1
2270,2016,Female,Indonesia,Medicine and Surgery,Unknown,1
2271,2016,Female,Iraq,Medicine and Surgery,From 40 to 49,1
2272,2016,Female,Jordan,Medicine and Surgery,From 20 to 29,1
2273,2016,Female,Yemen,Dentistry and Related Specialties,Unknown,1
2274,2016,Female,Turkey,Medicine and Surgery,Unknown,1
2275,2016,Female,Yemen,Dentistry and Related Specialties,From 40 to 49,1
2276,2016,Female,Unknown,Medicine and Surgery,Unknown,1
2277,2016,Female,United States,Medicine and Surgery,From 40 to 49,1
2278,2016,Female,United States,Medicine and Surgery,From 30 to 39,1
2279,2016,Female,United Kingdom,Medicine and Surgery,Unknown,1
2280,2016,Female,Kuwait,Dentistry and Related Specialties,From 30 to 39,1
2283,2017,Female,Kuwait,Medicine and Surgery,From 40 to 49,1
2284,2017,Female,Belgium,Medicine and Surgery,From 20 to 29,1
2285,2017,Female,Bangladesh,Medicine and Surgery,From 20 to 29,1
2286,2017,Female,Bahrain,Nursing and Midwifery,Unknown,1
2287,2017,Female,Bahrain,Nursing and Midwifery,From 30 to 39,1
2291,2017,Female,Azerbaijan,Medicine and Surgery,From 40 to 49,1
2292,2017,Female,Algeria,Medicine and Surgery,Unknown,1
2294,2016,Male,Yemen,Unknown,Unknown,1
2296,2016,Male,Yemen,Medicine and Surgery,From 50 to 59,1
2299,2016,Male,Yemen,Dentistry and Related Specialties,From 40 to 49,1
2300,2017,Female,Bangladesh,Medicine and Surgery,Unknown,1
2301,2017,Female,China,Medicine and Surgery,From 30 to 39,1
2303,2017,Female,Djibouti,Medicine and Surgery,Unknown,1
2309,2017,Female,Jordan,Medicine and Surgery,From 20 to 29,1
2311,2017,Female,Indonesia,Medicine and Surgery,From 40 to 49,1
2314,2017,Female,India,Medicine and Surgery,From 20 to 29,1
2315,2017,Female,France,Medicine and Surgery,Unknown,1
2318,2017,Female,Egypt,Dentistry and Related Specialties,Unknown,1
2319,2016,Male,Unknown,Medicine and Surgery,Unknown,1
2320,2016,Male,United Kingdom,Medicine and Surgery,Unknown,1
2321,2016,Male,United Kingdom,Medicine and Surgery,From 30 to 39,1
2326,2016,Male,Saudi Arabia,Nursing and Midwifery,From 40 to 49,1
2330,2016,Male,Saudi Arabia,Medicine and Surgery,Less Than 20,1
2331,2016,Male,Saudi Arabia,Medicine and Surgery,From 60 to 69,1
2339,2016,Male,Saudi Arabia,Unknown,From 40 to 49,1
2343,2016,Male,United Arab Emirates,Medicine and Surgery,From 30 to 39,1
2344,2016,Male,Tunisia,Medicine and Surgery,From 30 to 39,1
2346,2016,Male,Syria,Medicine and Surgery,From 60 to 69,1
2348,2016,Male,Syria,Dentistry and Related Specialties,Unknown,1
2349,2016,Male,Somalia,Medicine and Surgery,From 30 to 39,1
2355,2016,Male,Somalia,Medicine and Surgery,Unknown,1
2356,2017,Male,Yemen,Unknown,Unknown,1
2360,2019,Female,Immigrant Tribes,Nursing and Midwifery,From 30 to 39,1
2361,2019,Female,Immigrant Tribes,Nursing and Midwifery,From 20 to 29,1
2362,2019,Female,Ethiopia,Medicine and Surgery,Unknown,1
2363,2019,Female,Ethiopia,Medicine and Surgery,From 20 to 29,1
2366,2019,Female,Egypt,Medicine and Surgery,From 50 to 59,1
2369,2019,Female,Egypt,Dentistry and Related Specialties,Unknown,1
2370,2019,Female,Djibouti,Medicine and Surgery,Unknown,1
2371,2019,Female,China,Medicine and Surgery,From 30 to 39,1
2372,2019,Female,Canada,Medicine and Surgery,From 30 to 39,1
2373,2019,Female,Canada,Medicine and Surgery,From 20 to 29,1
2374,2019,Female,Belgium,Medicine and Surgery,From 20 to 29,1
2376,2019,Female,India,Medicine and Surgery,From 40 to 49,1
2378,2019,Female,Indonesia,Medicine and Surgery,From 20 to 29,1
2382,2019,Female,Kuwait,Medicine and Surgery,From 20 to 29,1
2388,2019,Female,Ireland,Medicine and Surgery,From 40 to 49,1
2390,2019,Female,Iraq,Medicine and Surgery,From 40 to 49,1
2391,2019,Female,Iraq,Medicine and Surgery,From 30 to 39,1
2392,2019,Female,Iraq,Medicine and Surgery,From 20 to 29,1
2393,2019,Female,Indonesia,Medicine and Surgery,From 40 to 49,1
2401,2018,Male,Somalia,Medicine and Surgery,Unknown,1
2402,2018,Male,Somalia,Medicine and Surgery,From 30 to 39,1
2405,2018,Male,Saudi Arabia,Unknown,From 20 to 29,1
2411,2018,Male,Saudi Arabia,Medicine and Surgery,From 80 to 89,1
2414,2018,Male,Syria,Dentistry and Related Specialties,Unknown,1
2420,2018,Male,Yemen,Dentistry and Related Specialties,From 40 to 49,1
2421,2018,Male,Unknown,Medicine and Surgery,From 40 to 49,1
2422,2018,Male,United Kingdom,Medicine and Surgery,Unknown,1
2427,2018,Male,Tunisia,Medicine and Surgery,From 30 to 39,1
2432,2019,Female,Libya,Medicine and Surgery,From 20 to 29,1
2433,2019,Female,Morocco,Medicine and Surgery,Unknown,1
2434,2019,Female,New Zealand,Medicine and Surgery,From 20 to 29,1
2435,2019,Male,Afghanistan,Medicine and Surgery,From 20 to 29,1
2437,2019,Female,Yemen,Medicine and Surgery,From 50 to 59,1
2440,2019,Female,Yemen,Dentistry and Related Specialties,Unknown,1
2441,2019,Female,United States,Medicine and Surgery,Unknown,1
2442,2019,Female,United Kingdom,Medicine and Surgery,From 40 to 49,1
2443,2019,Female,United Arab Emirates,Medicine and Surgery,From 40 to 49,1
2446,2019,Female,Turkmenistan,Medicine and Surgery,Unknown,1
2447,2019,Female,Turkey,Medicine and Surgery,From 30 to 39,1
2448,2019,Female,Turkestan,Medicine and Surgery,From 20 to 29,1
2449,2019,Female,Tunisia,Medicine and Surgery,From 20 to 29,1
2450,2019,Female,Thailand,Medicine and Surgery,From 30 to 39,1
2451,2019,Female,Yemen,Nursing and Midwifery,From 40 to 49,1
2452,2019,Male,Afghanistan,Medicine and Surgery,From 30 to 39,1
2453,2019,Female,Oman,Medicine and Surgery,Unknown,1
2454,2019,Male,Afghanistan,Medicine and Surgery,Unknown,1
2455,2019,Male,Eritrea,Medicine and Surgery,Unknown,1
2456,2019,Male,Eritrea,Medicine and Surgery,From 30 to 39,1
2457,2019,Male,Egypt,Unknown,From 40 to 49,1
2462,2019,Male,Canada,Medicine and Surgery,Unknown,1
2463,2019,Male,Belize,Medicine and Surgery,From 20 to 29,1
2464,2019,Male,Bangladesh,Medicine and Surgery,From 30 to 39,1
2465,2019,Male,Bangladesh,Medicine and Surgery,From 20 to 29,1
2467,2019,Male,Bahrain,Medicine and Surgery,From 40 to 49,1
2471,2019,Female,Syria,Medicine and Surgery,From 40 to 49,1
2475,2019,Female,Saudi Arabia,Laboratories and Medical Technology,From 40 to 49,1
2484,2019,Female,Palestine,Dentistry and Related Specialties,Unknown,1
2485,2019,Female,Palestine,Dentistry and Related Specialties,From 20 to 29,1
2486,2019,Female,Pakistan,Medicine and Surgery,From 50 to 59,1
2487,2019,Female,Pakistan,Medicine and Surgery,From 40 to 49,1
2491,2019,Female,Saudi Arabia,Medicine and Surgery,From 70 to 79,1
2492,2019,Female,Saudi Arabia,Unknown,From 30 to 39,1
2494,2016,Female,Saudi Arabia,Laboratories and Medical Technology,From 40 to 49,1
2495,2019,Female,Spain,Medicine and Surgery,From 20 to 29,1
2497,2019,Female,Somalia,Medicine and Surgery,From 30 to 39,1
2499,2019,Female,Saudi Arabia,Unknown,From 20 to 29,1
2503,2019,Female,Saudi Arabia,Nursing and Midwifery,From 50 to 59,1
2513,2018,Female,Saudi Arabia,Laboratories and Medical Technology,From 40 to 49,1
2517,2018,Female,Saudi Arabia,Dentistry and Related Specialties,From 50 to 59,1
2519,2018,Female,Russia,Medicine and Surgery,Unknown,1
2520,2018,Female,Palestine,Nursing and Midwifery,Unknown,1
2524,2018,Female,Palestine,Dentistry and Related Specialties,Unknown,1
2525,2018,Female,Pakistan,Medicine and Surgery,From 50 to 59,1
2527,2018,Female,Saudi Arabia,Medicine and Surgery,From 60 to 69,1
2529,2018,Female,Saudi Arabia,Medicine and Surgery,From 70 to 79,1
2534,2018,Female,Somalia,Medicine and Surgery,From 30 to 39,1
2536,2018,Female,Saudi Arabia,Unknown,From 30 to 39,1
2537,2018,Female,Saudi Arabia,Unknown,From 20 to 29,1
2548,2018,Female,Oman,Medicine and Surgery,Unknown,1
2550,2018,Female,France,Medicine and Surgery,Unknown,1
2551,2018,Female,Ethiopia,Medicine and Surgery,From 20 to 29,1
2556,2018,Female,Egypt,Dentistry and Related Specialties,Unknown,1
2557,2018,Female,Djibouti,Medicine and Surgery,Unknown,1
2558,2018,Female,China,Medicine and Surgery,From 30 to 39,1
2559,2018,Female,Canada,Medicine and Surgery,From 30 to 39,1
2560,2018,Female,Belgium,Medicine and Surgery,From 20 to 29,1
2561,2018,Female,Bangladesh,Medicine and Surgery,Unknown,1
2562,2018,Female,Bahrain,Nursing and Midwifery,Unknown,1
2563,2018,Female,Bahrain,Nursing and Midwifery,From 30 to 39,1
2566,2018,Female,Indonesia,Medicine and Surgery,From 40 to 49,1
2568,2018,Female,Oman,Medicine and Surgery,From 20 to 29,1
2569,2018,Female,Morocco,Medicine and Surgery,Unknown,1
2570,2018,Female,Mauritania,Medicine and Surgery,From 30 to 39,1
2571,2018,Female,Lebanon,Medicine and Surgery,Unknown,1
2581,2018,Female,Ireland,Medicine and Surgery,From 40 to 49,1
2583,2018,Female,Syria,Medicine and Surgery,From 40 to 49,1
2585,2018,Male,Lebanon,Medicine and Surgery,From 30 to 39,1
2588,2018,Male,Kuwait,Medicine and Surgery,From 20 to 29,1
2589,2018,Male,Kuwait,Dentistry and Related Specialties,From 30 to 39,1
2595,2018,Male,Iraq,Medicine and Surgery,From 20 to 29,1
2596,2018,Male,Indonesia,Medicine and Surgery,Unknown,1
2598,2018,Male,India,Medicine and Surgery,From 50 to 59,1
2600,2018,Male,India,Medicine and Surgery,From 20 to 29,1
2602,2018,Male,Lebanon,Medicine and Surgery,From 40 to 49,1
2603,2018,Female,Thailand,Medicine and Surgery,From 30 to 39,1
2612,2018,Male,Palestine,Medicine and Surgery,From 20 to 29,1
2614,2018,Male,Pakistan,Medicine and Surgery,From 50 to 59,1
2617,2018,Male,Nigeria,Medicine and Surgery,From 30 to 39,1
2618,2018,Male,Mauritania,Medicine and Surgery,From 20 to 29,1
2619,2018,Male,Malaysia,Medicine and Surgery,Unknown,1
2621,2018,Male,Immigrant Tribes,Nursing and Midwifery,From 30 to 39,1
2622,2018,Male,Immigrant Tribes,Medicine and Surgery,From 30 to 39,1
2623,2018,Male,Immigrant Tribes,Medicine and Surgery,From 20 to 29,1
2627,2018,Female,Yemen,Dentistry and Related Specialties,From 40 to 49,1
2628,2018,Female,United States,Medicine and Surgery,Unknown,1
2629,2018,Female,United States,Medicine and Surgery,From 40 to 49,1
2630,2018,Female,United States,Medicine and Surgery,From 30 to 39,1
2631,2018,Female,United Kingdom,Medicine and Surgery,From 30 to 39,1
2632,2018,Female,United Arab Emirates,Medicine and Surgery,From 40 to 49,1
2635,2018,Female,Turkmenistan,Medicine and Surgery,Unknown,1
2636,2018,Female,Turkey,Medicine and Surgery,From 30 to 39,1
2637,2018,Female,Turkestan,Medicine and Surgery,From 20 to 29,1
2638,2018,Female,Tunisia,Medicine and Surgery,From 20 to 29,1
2640,2018,Male,Algeria,Medicine and Surgery,From 20 to 29,1
2644,2018,Male,Eritrea,Medicine and Surgery,From 30 to 39,1
2645,2018,Male,Egypt,Unknown,From 40 to 49,1
2646,2018,Male,Egypt,Medicine and Surgery,From 60 to 69,1
2649,2018,Male,Egypt,Medicine and Surgery,From 20 to 29,1
2651,2018,Male,Canada,Medicine and Surgery,Unknown,1
2652,2018,Male,Canada,Medicine and Surgery,From 30 to 39,1
2653,2018,Male,Belize,Medicine and Surgery,From 20 to 29,1
2654,2018,Male,Bangladesh,Medicine and Surgery,From 30 to 39,1
2655,2018,Male,Bahrain,Nursing and Midwifery,From 40 to 49,1
