,Academic_Year,Age_Group_En,Gender_En,Nationality_Name_En,Current_Program_Status_Group_Name_En,Number_of_Trainees
0,2021,From 20 to 29,Male,Saudi Arabia,Current,5809
1,2021,From 20 to 29,Female,Saudi Arabia,Current,5767
2,2020,From 20 to 29,Male,Saudi Arabia,Current,4092
3,2020,From 20 to 29,Female,Saudi Arabia,Current,4002
4,2019,From 20 to 29,Male,Saudi Arabia,Current,2597
5,2019,From 20 to 29,Female,Saudi Arabia,Current,2414
7,2016,Unknown,Male,Saudi Arabia,Graduated,2213
9,2017,Unknown,Male,Saudi Arabia,Graduated,2139
12,2018,Unknown,Male,Saudi Arabia,Graduated,1784
14,2017,Unknown,Female,Saudi Arabia,Graduated,1686
16,2017,Unknown,Male,Saudi Arabia,Current,1554
18,2016,Unknown,Female,Saudi Arabia,Graduated,1547
19,2018,Unknown,Male,Saudi Arabia,Current,1501
20,2021,From 30 to 39,Male,Saudi Arabia,Current,1449
21,2018,Unknown,Female,Saudi Arabia,Graduated,1428
23,2019,Unknown,Male,Saudi Arabia,Graduated,1361
25,2021,Unknown,Male,Saudi Arabia,Current,1338
26,2019,Unknown,Male,Saudi Arabia,Current,1322
28,2018,From 20 to 29,Male,Saudi Arabia,Current,1199
29,2020,From 30 to 39,Male,Saudi Arabia,Current,1199
30,2020,Unknown,Male,Saudi Arabia,Current,1168
33,2018,From 20 to 29,Female,Saudi Arabia,Current,1099
35,2019,Unknown,Female,Saudi Arabia,Graduated,1022
36,2019,From 30 to 39,Male,Saudi Arabia,Current,1004
37,2017,Unknown,Female,Saudi Arabia,Current,964
38,2020,Unknown,Male,Saudi Arabia,Graduated,953
40,2021,From 30 to 39,Female,Saudi Arabia,Current,928
41,2022,Unknown,Male,Saudi Arabia,Current,916
42,2018,Unknown,Female,Saudi Arabia,Current,905
44,2021,Unknown,Female,Saudi Arabia,Current,829
45,2019,Unknown,Female,Saudi Arabia,Current,786
47,2017,Unknown,Male,Saudi Arabia,Completed,759
48,2020,Unknown,Female,Saudi Arabia,Current,738
49,2020,Unknown,Female,Saudi Arabia,Graduated,737
50,2020,From 30 to 39,Female,Saudi Arabia,Current,728
51,2016,Unknown,Male,Saudi Arabia,Current,718
52,2018,Unknown,Male,Saudi Arabia,Completed,708
53,2018,From 30 to 39,Male,Saudi Arabia,Current,707
55,2017,From 30 to 39,Male,Saudi Arabia,Graduated,649
58,2022,Unknown,Female,Saudi Arabia,Current,619
59,2016,Unknown,Male,Saudi Arabia,Completed,619
61,2019,From 30 to 39,Female,Saudi Arabia,Current,605
62,2016,From 30 to 39,Male,Saudi Arabia,Graduated,598
63,2019,Unknown,Male,Saudi Arabia,Completed,594
65,2017,Unknown,Female,Saudi Arabia,Completed,544
66,2018,From 30 to 39,Male,Saudi Arabia,Graduated,539
67,2020,Unknown,Male,Saudi Arabia,Completed,528
69,2017,From 30 to 39,Female,Saudi Arabia,Graduated,506
70,2018,Unknown,Female,Saudi Arabia,Completed,502
74,2016,From 30 to 39,Female,Saudi Arabia,Graduated,481
76,2019,From 30 to 39,Male,Saudi Arabia,Graduated,456
78,2018,From 30 to 39,Female,Saudi Arabia,Graduated,446
79,2016,Unknown,Female,Saudi Arabia,Current,446
80,2016,Unknown,Female,Saudi Arabia,Completed,428
81,2018,From 30 to 39,Female,Saudi Arabia,Current,421
82,2019,Unknown,Female,Saudi Arabia,Completed,418
86,2019,From 30 to 39,Female,Saudi Arabia,Graduated,370
88,2020,Unknown,Female,Saudi Arabia,Completed,358
100,2017,From 30 to 39,Male,Saudi Arabia,Current,289
102,2019,From 30 to 39,Male,Saudi Arabia,Completed,283
104,2016,From 30 to 39,Male,Saudi Arabia,Current,270
107,2021,Unknown,Male,Saudi Arabia,Graduated,252
108,2017,From 30 to 39,Male,Saudi Arabia,Completed,246
109,2018,From 30 to 39,Male,Saudi Arabia,Completed,245
112,2019,From 20 to 29,Female,Saudi Arabia,Graduated,238
119,2020,From 30 to 39,Male,Saudi Arabia,Graduated,228
123,2019,From 30 to 39,Female,Saudi Arabia,Completed,222
126,2016,From 30 to 39,Male,Saudi Arabia,Completed,214
127,2017,Unknown,Male,Saudi Arabia,Aborted,214
129,2018,From 20 to 29,Female,Saudi Arabia,Graduated,209
130,2017,From 30 to 39,Female,Saudi Arabia,Current,206
134,2016,Unknown,Male,Saudi Arabia,Aborted,195
135,2016,From 30 to 39,Female,Saudi Arabia,Current,193
137,2020,From 30 to 39,Male,Saudi Arabia,Completed,187
138,2017,From 30 to 39,Female,Saudi Arabia,Completed,184
141,2022,From 30 to 39,Male,Saudi Arabia,Current,179
143,2018,From 30 to 39,Female,Saudi Arabia,Completed,175
147,2017,From 20 to 29,Female,Saudi Arabia,Graduated,164
150,2016,From 30 to 39,Female,Saudi Arabia,Completed,158
151,2021,Unknown,Female,Saudi Arabia,Graduated,154
154,2018,Unknown,Male,Saudi Arabia,Aborted,145
155,2020,From 20 to 29,Female,Saudi Arabia,Graduated,144
158,2022,From 30 to 39,Female,Saudi Arabia,Current,135
159,2020,From 30 to 39,Female,Saudi Arabia,Completed,132
160,2016,From 20 to 29,Female,Saudi Arabia,Graduated,129
163,2020,From 30 to 39,Female,Saudi Arabia,Graduated,125
164,2021,Unknown,Male,Saudi Arabia,Completed,124
170,2017,Unknown,Female,Saudi Arabia,Aborted,119
171,2016,Unknown,Female,Saudi Arabia,Aborted,115
172,2017,From 40 to 49,Male,Saudi Arabia,Graduated,113
180,2016,From 40 to 49,Male,Saudi Arabia,Graduated,106
181,2019,From 20 to 29,Male,Saudi Arabia,Graduated,106
183,2016,From 40 to 49,Female,Saudi Arabia,Graduated,104
185,2017,From 20 to 29,Female,Saudi Arabia,Current,103
187,2018,From 20 to 29,Male,Saudi Arabia,Graduated,102
188,2019,From 20 to 29,Female,Saudi Arabia,Completed,102
193,2021,Unknown,Female,Saudi Arabia,Completed,96
195,2017,From 40 to 49,Female,Saudi Arabia,Graduated,95
197,2017,From 20 to 29,Male,Saudi Arabia,Current,90
198,2016,Unknown,Male,Yemen,Graduated,90
210,2017,From 20 to 29,Male,Saudi Arabia,Graduated,82
215,2016,From 20 to 29,Male,Saudi Arabia,Graduated,78
217,2019,Unknown,Male,Saudi Arabia,Aborted,78
218,2016,Unknown,Female,Sudan,Graduated,78
220,2022,From 20 to 29,Female,Saudi Arabia,Current,76
221,2021,From 20 to 29,Female,Bahrain,Current,76
223,2019,From 20 to 29,Male,Saudi Arabia,Completed,75
224,2020,From 20 to 29,Female,Saudi Arabia,Completed,75
231,2016,From 20 to 29,Female,Saudi Arabia,Current,71
235,2020,From 20 to 29,Male,Saudi Arabia,Aborted,69
240,2022,From 20 to 29,Male,Saudi Arabia,Current,67
241,2019,From 20 to 29,Male,Saudi Arabia,Aborted,66
245,2016,From 20 to 29,Male,Saudi Arabia,Current,64
246,2017,Unknown,Male,Yemen,Graduated,63
248,2018,Unknown,Female,Saudi Arabia,Aborted,62
249,2020,From 20 to 29,Male,Saudi Arabia,Graduated,62
250,2021,From 20 to 29,Male,Saudi Arabia,Aborted,61
251,2018,From 20 to 29,Male,Saudi Arabia,Aborted,60
253,2016,From 30 to 39,Male,Saudi Arabia,Aborted,58
254,2018,From 40 to 49,Female,Saudi Arabia,Completed,58
255,2020,From 20 to 29,Female,Saudi Arabia,Aborted,58
256,2020,From 20 to 29,Male,Saudi Arabia,Completed,57
258,2019,From 20 to 29,Female,Saudi Arabia,Aborted,57
260,2018,From 20 to 29,Female,Saudi Arabia,Completed,55
262,2018,From 40 to 49,Female,Saudi Arabia,Graduated,55
263,2020,From 20 to 29,Female,Bahrain,Current,54
264,2017,Unknown,Female,Sudan,Graduated,54
266,2018,From 40 to 49,Male,Saudi Arabia,Graduated,53
267,2018,From 20 to 29,Male,Saudi Arabia,Completed,52
268,2018,From 20 to 29,Female,Saudi Arabia,Aborted,52
269,2018,From 40 to 49,Male,Saudi Arabia,Completed,51
274,2018,From 30 to 39,Male,Saudi Arabia,Aborted,50
277,2019,From 30 to 39,Male,Saudi Arabia,Aborted,49
279,2021,From 40 to 49,Male,Saudi Arabia,Current,48
280,2020,Unknown,Male,Saudi Arabia,Aborted,48
281,2016,Unknown,Male,Sudan,Graduated,47
288,2017,From 20 to 29,Female,Saudi Arabia,Completed,45
291,2017,From 40 to 49,Male,Saudi Arabia,Completed,44
292,2016,Unknown,Female,Yemen,Graduated,43
295,2018,From 30 to 39,Female,Saudi Arabia,Aborted,43
296,2017,From 30 to 39,Male,Saudi Arabia,Aborted,43
298,2019,From 40 to 49,Male,Saudi Arabia,Graduated,42
304,2021,From 20 to 29,Female,Saudi Arabia,Aborted,41
309,2017,From 20 to 29,Male,Saudi Arabia,Completed,40
313,2017,From 40 to 49,Female,Saudi Arabia,Completed,40
314,2020,From 40 to 49,Male,Saudi Arabia,Current,39
316,2018,Unknown,Male,Yemen,Graduated,39
319,2018,Unknown,Female,Sudan,Graduated,38
320,2016,Unknown,Male,Egypt,Graduated,38
322,2016,From 30 to 39,Female,Saudi Arabia,Aborted,37
330,2019,From 40 to 49,Male,Saudi Arabia,Current,35
337,2016,Unknown,Male,Syria,Graduated,33
345,2017,Unknown,Female,Yemen,Graduated,32
347,2016,From 40 to 49,Female,Saudi Arabia,Completed,32
349,2019,From 40 to 49,Female,Saudi Arabia,Graduated,32
352,2017,From 30 to 39,Female,Saudi Arabia,Aborted,31
354,2021,From 40 to 49,Female,Saudi Arabia,Current,31
355,2019,From 20 to 29,Female,Bahrain,Current,31
360,2019,Unknown,Male,Yemen,Graduated,30
362,2017,Unknown,Male,Sudan,Graduated,29
369,2019,From 30 to 39,Female,Saudi Arabia,Aborted,29
370,2019,Unknown,Female,Sudan,Graduated,29
371,2020,From 30 to 39,Male,Saudi Arabia,Aborted,29
377,2018,Unknown,Female,Yemen,Graduated,28
378,2021,From 20 to 29,Male,Bahrain,Current,28
382,2016,Unknown,Male,Palestine,Graduated,28
383,2017,Unknown,Male,Egypt,Graduated,28
385,2018,From 40 to 49,Male,Saudi Arabia,Current,27
388,2021,From 30 to 39,Male,Saudi Arabia,Graduated,27
389,2021,Unknown,Male,Saudi Arabia,Aborted,27
391,2016,From 40 to 49,Male,Saudi Arabia,Completed,27
395,2017,From 40 to 49,Male,Saudi Arabia,Current,26
400,2020,From 40 to 49,Male,Saudi Arabia,Graduated,26
401,2021,From 30 to 39,Female,Saudi Arabia,Graduated,25
407,2016,From 20 to 29,Female,Saudi Arabia,Completed,24
409,2019,From 40 to 49,Female,Saudi Arabia,Completed,24
410,2016,From 20 to 29,Male,Saudi Arabia,Completed,24
413,2021,From 20 to 29,Female,Yemen,Current,23
418,2019,Unknown,Female,Saudi Arabia,Aborted,23
421,2019,From 40 to 49,Male,Saudi Arabia,Completed,23
428,2016,From 40 to 49,Male,Saudi Arabia,Current,22
429,2018,From 40 to 49,Male,Egypt,Graduated,22
431,2017,Unknown,Male,Syria,Graduated,21
433,2017,From 40 to 49,Female,Sudan,Graduated,21
434,2020,From 30 to 39,Female,Saudi Arabia,Aborted,21
437,2020,Unknown,Male,Yemen,Graduated,21
439,2017,From 40 to 49,Male,Sudan,Graduated,20
442,2019,Unknown,Female,Yemen,Graduated,20
443,2020,From 20 to 29,Female,Yemen,Current,20
444,2018,From 40 to 49,Male,Yemen,Graduated,20
445,2021,From 20 to 29,Male,Yemen,Current,20
446,2020,From 40 to 49,Female,Saudi Arabia,Graduated,20
447,2021,From 20 to 29,Female,Egypt,Current,20
453,2016,Unknown,Male,Yemen,Completed,19
454,2017,From 40 to 49,Male,Yemen,Graduated,19
455,2016,Unknown,Female,Egypt,Graduated,19
458,2017,Unknown,Male,Palestine,Graduated,19
460,2020,From 40 to 49,Female,Saudi Arabia,Current,19
462,2020,From 40 to 49,Female,Saudi Arabia,Completed,19
463,2020,From 20 to 29,Male,Bahrain,Current,19
474,2017,From 30 to 39,Female,Sudan,Graduated,17
475,2017,From 40 to 49,Male,Egypt,Graduated,17
479,2018,From 40 to 49,Male,Sudan,Graduated,17
481,2017,From 30 to 39,Male,Yemen,Graduated,17
485,2018,Unknown,Male,Sudan,Graduated,16
486,2018,Unknown,Male,Syria,Graduated,16
493,2016,Unknown,Male,Jordan,Graduated,16
494,2021,From 30 to 39,Male,Saudi Arabia,Completed,16
496,2022,From 40 to 49,Male,Saudi Arabia,Current,16
498,2019,Unknown,Male,Sudan,Graduated,16
502,2017,From 40 to 49,Female,Saudi Arabia,Current,15
503,2020,From 40 to 49,Male,Saudi Arabia,Completed,15
504,2018,From 30 to 39,Male,Sudan,Graduated,15
506,2021,From 30 to 39,Female,Bahrain,Current,15
510,2020,Unknown,Female,Yemen,Graduated,15
512,2017,Unknown,Male,Yemen,Completed,15
513,2020,Unknown,Female,Sudan,Graduated,15
515,2016,Unknown,Female,Sudan,Completed,15
516,2016,From 30 to 39,Female,Sudan,Graduated,14
517,2017,Unknown,Female,Egypt,Graduated,14
518,2016,Unknown,Female,Palestine,Graduated,14
520,2016,From 40 to 49,Female,Saudi Arabia,Current,14
522,2017,Unknown,Female,Palestine,Graduated,14
529,2019,From 20 to 29,Female,Yemen,Current,14
532,2018,From 40 to 49,Female,Sudan,Graduated,14
533,2020,Unknown,Female,Saudi Arabia,Aborted,14
534,2020,From 20 to 29,Female,Egypt,Current,14
535,2022,Unknown,Male,Saudi Arabia,Aborted,14
536,2019,From 40 to 49,Male,Yemen,Graduated,14
538,2022,From 40 to 49,Female,Saudi Arabia,Current,14
540,2018,Unknown,Female,Palestine,Graduated,13
542,2020,Unknown,Male,Sudan,Graduated,13
543,2021,From 30 to 39,Female,Saudi Arabia,Completed,13
544,2021,From 30 to 39,Male,Saudi Arabia,Aborted,13
546,2022,Unknown,Male,Yemen,Current,13
547,2018,Unknown,Male,Egypt,Graduated,13
549,2016,Unknown,Male,Sudan,Completed,13
550,2020,From 30 to 39,Female,Bahrain,Current,13
551,2020,From 20 to 29,Male,Yemen,Current,13
553,2016,Unknown,Male,Pakistan,Graduated,13
554,2016,Unknown,Female,Syria,Graduated,13
555,2016,From 40 to 49,Female,Sudan,Graduated,13
556,2019,From 40 to 49,Male,Egypt,Graduated,13
557,2018,Unknown,Male,Palestine,Graduated,13
558,2019,From 30 to 39,Male,Sudan,Graduated,13
562,2021,Unknown,Male,Yemen,Current,12
564,2018,From 20 to 29,Female,Bahrain,Current,12
565,2018,From 30 to 39,Male,Yemen,Graduated,12
566,2017,From 30 to 39,Female,Yemen,Graduated,12
574,2019,Unknown,Male,Syria,Graduated,12
575,2019,Unknown,Male,Palestine,Graduated,12
578,2019,Unknown,Female,Palestine,Graduated,12
579,2019,From 20 to 29,Male,Bahrain,Current,12
581,2016,From 30 to 39,Male,Syria,Graduated,12
582,2016,From 30 to 39,Male,Yemen,Graduated,12
583,2016,Unknown,Female,Pakistan,Graduated,12
584,2017,From 30 to 39,Male,Sudan,Graduated,12
585,2018,Unknown,Female,Egypt,Graduated,12
587,2021,Unknown,Male,Syria,Current,12
593,2018,From 30 to 39,Female,Sudan,Graduated,11
598,2019,From 30 to 39,Male,Yemen,Graduated,11
601,2020,From 20 to 29,Female,United Arab Emirates,Current,11
605,2016,Unknown,Male,Yemen,Current,11
607,2021,From 20 to 29,Female,United Arab Emirates,Current,11
609,2019,From 30 to 39,Female,Bahrain,Current,11
613,2016,From 40 to 49,Male,Yemen,Graduated,11
615,2017,Unknown,Male,Jordan,Graduated,11
616,2019,From 40 to 49,Male,Sudan,Graduated,11
617,2018,From 40 to 49,Female,Saudi Arabia,Current,11
619,2021,From 20 to 29,Male,Egypt,Current,11
622,2016,From 30 to 39,Female,Yemen,Graduated,10
624,2022,From 30 to 39,Male,Sudan,Current,10
627,2016,From 40 to 49,Male,Sudan,Graduated,10
630,2021,Unknown,Female,Sudan,Current,10
631,2019,From 20 to 29,Female,Egypt,Current,10
634,2017,Unknown,Female,Syria,Graduated,10
637,2017,Unknown,Male,Pakistan,Graduated,10
639,2021,From 20 to 29,Female,Jordan,Current,10
640,2021,From 20 to 29,Female,Syria,Current,10
641,2020,Unknown,Male,Palestine,Graduated,10
642,2017,From 30 to 39,Female,Pakistan,Graduated,10
652,2019,Unknown,Female,Sudan,Completed,9
654,2021,Unknown,Male,Palestine,Current,9
655,2018,From 40 to 49,Male,Saudi Arabia,Aborted,9
657,2018,From 20 to 29,Female,Yemen,Current,9
658,2016,Unknown,Male,Egypt,Completed,9
665,2021,From 20 to 29,Male,Saudi Arabia,Graduated,9
666,2021,From 30 to 39,Female,Saudi Arabia,Aborted,9
667,2019,From 40 to 49,Female,Sudan,Graduated,9
668,2019,From 40 to 49,Female,Saudi Arabia,Current,9
669,2019,From 30 to 39,Female,Yemen,Graduated,9
670,2018,From 30 to 39,Female,Yemen,Graduated,9
671,2019,From 30 to 39,Male,Egypt,Graduated,9
674,2021,From 30 to 39,Male,Yemen,Current,9
675,2019,Unknown,Male,Egypt,Graduated,9
677,2018,From 30 to 39,Female,Pakistan,Graduated,9
678,2018,Unknown,Female,Syria,Graduated,9
681,2020,From 30 to 39,Male,Sudan,Graduated,9
682,2016,Unknown,Male,Syria,Current,9
684,2017,Unknown,Female,Sudan,Completed,9
685,2016,Unknown,Male,Saudi Arabia,Unknown,9
686,2017,Unknown,Female,Sudan,Current,9
688,2018,Unknown,Male,Syria,Current,9
689,2020,From 20 to 29,Male,Egypt,Current,9
691,2017,Unknown,Male,Yemen,Current,9
693,2022,From 30 to 39,Male,Kuwait,Current,8
694,2020,Unknown,Female,Bahrain,Current,8
695,2020,From 40 to 49,Male,Egypt,Graduated,8
696,2020,Unknown,Male,Yemen,Completed,8
698,2021,From 20 to 29,Female,Palestine,Current,8
702,2022,Unknown,Male,Syria,Current,8
703,2016,From 30 to 39,Female,Pakistan,Graduated,8
704,2022,Unknown,Male,Palestine,Current,8
705,2022,Unknown,Male,Sudan,Current,8
709,2021,Unknown,Male,Yemen,Graduated,8
710,2019,Unknown,Female,Bahrain,Current,8
716,2019,Unknown,Female,Egypt,Graduated,8
717,2021,From 20 to 29,Female,Pakistan,Current,8
718,2017,Unknown,Male,Egypt,Current,8
719,2018,Unknown,Female,Sudan,Completed,8
721,2018,Unknown,Female,Bahrain,Graduated,8
723,2018,From 30 to 39,Female,Bahrain,Current,8
724,2016,Unknown,Male,Palestine,Current,8
725,2019,From 20 to 29,Female,United Arab Emirates,Current,8
726,2018,Unknown,Male,Yemen,Completed,8
727,2018,Unknown,Male,Sudan,Completed,8
729,2017,Unknown,Female,Bahrain,Current,8
730,2017,Unknown,Female,Bahrain,Graduated,8
731,2017,Unknown,Male,Syria,Current,8
732,2018,Unknown,Female,Bahrain,Current,8
733,2017,From 30 to 39,Male,Palestine,Graduated,8
734,2018,Unknown,Female,Sudan,Current,8
735,2019,From 30 to 39,Female,Pakistan,Graduated,8
736,2018,Unknown,Male,Jordan,Graduated,8
737,2017,Unknown,Male,Bahrain,Graduated,8
738,2018,Unknown,Male,Yemen,Current,8
741,2017,From 30 to 39,Male,Syria,Graduated,8
744,2019,From 30 to 39,Female,Sudan,Graduated,8
745,2018,From 40 to 49,Female,Saudi Arabia,Aborted,8
746,2018,Unknown,Female,Yemen,Current,8
747,2017,Unknown,Male,Sudan,Completed,8
748,2019,From 30 to 39,Male,Yemen,Current,7
749,2021,From 20 to 29,Female,Saudi Arabia,Graduated,7
750,2018,From 40 to 49,Male,Pakistan,Graduated,7
752,2021,From 20 to 29,Female,India,Current,7
755,2021,From 20 to 29,Male,Jordan,Current,7
756,2017,From 30 to 39,Female,Egypt,Graduated,7
759,2018,Unknown,Male,Bahrain,Graduated,7
761,2020,Unknown,Female,Yemen,Current,7
765,2021,From 20 to 29,Male,Pakistan,Current,7
766,2018,From 30 to 39,Male,Syria,Graduated,7
768,2017,Unknown,Female,Yemen,Current,7
769,2022,Unknown,Male,Egypt,Current,7
770,2022,Unknown,Female,Sudan,Current,7
772,2022,From 40 to 49,Female,Sudan,Current,7
774,2017,Unknown,Female,Saudi Arabia,Unknown,7
781,2021,Unknown,Male,Sudan,Current,7
782,2017,From 40 to 49,Male,Saudi Arabia,Aborted,7
785,2018,From 30 to 39,Female,Egypt,Graduated,7
787,2021,From 40 to 49,Male,Saudi Arabia,Graduated,7
791,2020,From 30 to 39,Male,Yemen,Current,7
792,2018,From 30 to 39,Male,Palestine,Graduated,7
794,2020,From 30 to 39,Male,Yemen,Graduated,7
795,2018,From 40 to 49,Female,Yemen,Graduated,7
796,2019,From 20 to 29,Male,Yemen,Current,7
798,2019,Unknown,Female,Sudan,Current,7
799,2016,From 20 to 29,Male,Saudi Arabia,Aborted,7
800,2020,From 20 to 29,Female,Syria,Current,7
802,2020,From 20 to 29,Female,Palestine,Current,7
804,2018,Unknown,Male,Sudan,Current,7
805,2016,From 30 to 39,Female,Egypt,Graduated,7
807,2016,Unknown,Male,Sudan,Current,7
811,2019,From 30 to 39,Male,Kuwait,Completed,7
812,2016,From 40 to 49,Male,Saudi Arabia,Aborted,7
813,2016,Unknown,Female,Jordan,Graduated,7
814,2019,Unknown,Male,Syria,Completed,7
815,2020,From 20 to 29,Female,Jordan,Current,7
816,2017,Unknown,Male,Egypt,Completed,7
818,2019,Unknown,Male,Yemen,Completed,7
821,2019,Unknown,Male,Bahrain,Graduated,7
822,2019,Unknown,Male,Yemen,Current,7
824,2019,From 20 to 29,Male,Egypt,Current,6
826,2017,From 40 to 49,Male,Syria,Graduated,6
829,2020,From 30 to 39,Male,Syria,Graduated,6
830,2021,Unknown,Male,Jordan,Current,6
831,2021,Unknown,Male,Egypt,Current,6
834,2021,Unknown,Female,Yemen,Current,6
837,2016,From 30 to 39,Male,Palestine,Graduated,6
839,2019,Unknown,Female,Yemen,Current,6
840,2017,From 40 to 49,Male,Jordan,Graduated,6
841,2017,From 40 to 49,Female,Yemen,Graduated,6
842,2021,Unknown,Female,Saudi Arabia,Aborted,6
843,2021,Unknown,Female,Bahrain,Current,6
844,2019,Unknown,Male,Egypt,Current,6
845,2018,From 20 to 29,Female,Egypt,Current,6
848,2017,Unknown,Male,Sudan,Current,6
849,2019,From 30 to 39,Male,Syria,Graduated,6
851,2017,Unknown,Male,Palestine,Current,6
853,2019,From 30 to 39,Female,Yemen,Current,6
857,2022,From 40 to 49,Male,Sudan,Current,6
859,2022,From 40 to 49,Male,Egypt,Current,6
861,2019,From 30 to 39,Female,Egypt,Graduated,6
863,2021,Unknown,Male,Yemen,Completed,6
864,2022,From 30 to 39,Male,Egypt,Current,6
865,2016,Unknown,Female,Sudan,Current,6
866,2022,From 30 to 39,Female,Sudan,Current,6
867,2017,Unknown,Female,Jordan,Graduated,6
869,2017,Unknown,Female,Egypt,Current,6
874,2019,Unknown,Female,Bahrain,Graduated,6
877,2019,From 20 to 29,Female,Jordan,Current,6
878,2021,From 40 to 49,Female,Saudi Arabia,Completed,6
880,2021,From 20 to 29,Female,Sudan,Current,6
881,2016,Unknown,Male,Pakistan,Completed,6
883,2020,From 20 to 29,Female,India,Current,6
888,2018,Unknown,Male,Palestine,Current,6
890,2019,From 20 to 29,Female,India,Current,6
891,2020,From 20 to 29,Female,Pakistan,Current,6
892,2016,Unknown,Male,Kuwait,Graduated,6
897,2018,From 40 to 49,Male,Syria,Graduated,6
899,2016,From 20 to 29,Female,Saudi Arabia,Aborted,6
900,2017,From 20 to 29,Male,Saudi Arabia,Aborted,6
901,2020,Unknown,Male,Syria,Graduated,6
902,2018,Unknown,Male,Syria,Completed,6
903,2021,From 20 to 29,Male,Palestine,Current,6
906,2021,From 30 to 39,Male,Sudan,Current,6
907,2021,From 40 to 49,Female,Saudi Arabia,Graduated,6
911,2018,From 30 to 39,Female,Yemen,Current,6
913,2021,From 30 to 39,Male,Syria,Current,6
914,2020,From 40 to 49,Female,Sudan,Graduated,6
916,2018,From 30 to 39,Male,Egypt,Graduated,6
920,2021,From 30 to 39,Male,Bahrain,Current,6
921,2017,From 20 to 29,Female,Saudi Arabia,Aborted,6
923,2021,From 30 to 39,Female,Sudan,Current,6
924,2016,Unknown,Male,Kuwait,Completed,6
926,2018,Unknown,Male,Egypt,Current,6
927,2020,Unknown,Female,Bahrain,Graduated,6
954,2017,From 30 to 39,Male,Yemen,Completed,5
956,2020,Unknown,Female,Sudan,Completed,5
957,2017,Unknown,Female,Pakistan,Graduated,5
958,2017,From 50 to 59,Female,Saudi Arabia,Graduated,5
959,2020,From 30 to 39,Female,Yemen,Graduated,5
960,2017,From 40 to 49,Male,Pakistan,Graduated,5
961,2017,From 40 to 49,Male,Kuwait,Graduated,5
962,2020,From 30 to 39,Male,Bahrain,Current,5
963,2020,From 30 to 39,Male,Egypt,Graduated,5
965,2020,From 40 to 49,Male,Sudan,Graduated,5
966,2017,From 40 to 49,Female,India,Graduated,5
967,2017,From 30 to 39,Male,Sudan,Completed,5
968,2017,From 30 to 39,Male,Pakistan,Graduated,5
969,2017,From 30 to 39,Male,Egypt,Graduated,5
971,2017,From 30 to 39,Female,Yemen,Current,5
972,2017,From 30 to 39,Female,United Arab Emirates,Graduated,5
973,2020,Unknown,Female,Sudan,Current,5
974,2017,From 30 to 39,Female,Bahrain,Graduated,5
975,2020,Unknown,Male,Egypt,Current,5
976,2020,Unknown,Male,Egypt,Graduated,5
977,2016,Unknown,Male,Syria,Completed,5
978,2016,Unknown,Male,Palestine,Completed,5
980,2020,Unknown,Male,Sudan,Completed,5
981,2016,Unknown,Male,Jordan,Aborted,5
983,2017,Unknown,Male,Jordan,Current,5
984,2017,Unknown,Male,Saudi Arabia,Unknown,5
988,2019,From 20 to 29,Male,Pakistan,Current,5
990,2019,From 20 to 29,Female,Syria,Current,5
991,2019,From 20 to 29,Female,Palestine,Current,5
993,2018,Unknown,Male,Jordan,Current,5
994,2018,Unknown,Male,Egypt,Completed,5
997,2018,From 30 to 39,Male,Yemen,Current,5
998,2018,From 30 to 39,Male,Yemen,Completed,5
999,2019,Unknown,Female,Syria,Graduated,5
1000,2017,Unknown,Male,Syria,Completed,5
1001,2019,Unknown,Male,Jordan,Current,5
1002,2018,From 30 to 39,Male,Kuwait,Completed,5
1003,2019,Unknown,Male,Palestine,Current,5
1005,2019,Unknown,Male,Syria,Current,5
1006,2020,From 20 to 29,Female,Sudan,Current,5
1007,2018,From 30 to 39,Female,Bahrain,Graduated,5
1008,2020,From 20 to 29,Male,Jordan,Current,5
1009,2018,From 20 to 29,Male,Yemen,Current,5
1010,2020,From 20 to 29,Male,Pakistan,Current,5
1013,2020,Unknown,Male,Yemen,Current,5
1015,2016,Unknown,Male,Bahrain,Graduated,5
1016,2016,From 30 to 39,Male,Egypt,Graduated,5
1017,2016,From 30 to 39,Female,United Arab Emirates,Graduated,5
1018,2016,From 30 to 39,Female,Palestine,Graduated,5
1019,2016,From 30 to 39,Female,India,Graduated,5
1020,2021,From 40 to 49,Female,Sudan,Current,5
1025,2021,Unknown,Female,Yemen,Graduated,5
1027,2021,Unknown,Male,Palestine,Graduated,5
1028,2022,From 30 to 39,Female,Bahrain,Current,5
1030,2022,From 30 to 39,Female,Yemen,Current,5
1033,2022,From 30 to 39,Male,Yemen,Current,5
1036,2022,Unknown,Female,Egypt,Current,5
1038,2016,From 30 to 39,Female,Yemen,Current,5
1039,2019,From 30 to 39,Female,United Arab Emirates,Graduated,5
1041,2016,From 30 to 39,Male,Sudan,Graduated,5
1042,2016,From 40 to 49,Male,Egypt,Graduated,5
1043,2016,From 40 to 49,Male,Jordan,Graduated,5
1044,2016,From 40 to 49,Female,Yemen,Graduated,5
1045,2016,Unknown,Female,India,Graduated,5
1046,2021,From 20 to 29,Male,Immigrant Tribes,Current,5
1047,2021,From 20 to 29,Male,Syria,Current,5
1048,2016,Unknown,Female,Yemen,Current,5
1049,2016,From 40 to 49,Female,India,Graduated,5
1050,2016,From 30 to 39,Male,Sudan,Completed,5
1052,2019,From 40 to 49,Male,Syria,Graduated,4
1054,2019,Less Than 20,Female,Saudi Arabia,Current,4
1057,2020,Unknown,Male,Jordan,Current,4
1058,2019,Unknown,Female,Jordan,Graduated,4
1059,2019,From 40 to 49,Male,Pakistan,Graduated,4
1060,2020,From 40 to 49,Male,Yemen,Graduated,4
1061,2019,From 40 to 49,Male,Kuwait,Graduated,4
1062,2020,Unknown,Male,Bahrain,Graduated,4
1063,2022,From 40 to 49,Male,Yemen,Current,4
1064,2019,From 40 to 49,Female,Saudi Arabia,Aborted,4
1065,2019,From 40 to 49,Female,Egypt,Graduated,4
1066,2022,Unknown,Female,Palestine,Current,4
1068,2019,From 30 to 39,Male,Syria,Current,4
1070,2022,Unknown,Female,Yemen,Current,4
1071,2020,Unknown,Male,Sudan,Current,4
1072,2022,From 30 to 39,Female,Egypt,Current,4
1073,2021,Unknown,Male,Syria,Graduated,4
1075,2019,Unknown,Male,Jordan,Graduated,4
1076,2021,From 30 to 39,Male,Kuwait,Current,4
1077,2021,From 30 to 39,Female,Syria,Current,4
1078,2020,From 30 to 39,Male,Syria,Current,4
1079,2020,From 30 to 39,Male,Palestine,Graduated,4
1080,2020,From 30 to 39,Male,Kuwait,Completed,4
1081,2020,Less Than 20,Female,Saudi Arabia,Current,4
1082,2020,Unknown,Female,Palestine,Current,4
1083,2021,From 30 to 39,Female,Egypt,Current,4
1084,2020,Unknown,Female,Palestine,Graduated,4
1085,2021,From 40 to 49,Male,Egypt,Current,4
1086,2020,From 30 to 39,Female,Sudan,Graduated,4
1087,2020,From 30 to 39,Female,Bahrain,Graduated,4
1088,2021,From 20 to 29,Female,Bahrain,Aborted,4
1089,2021,Less Than 20,Female,Saudi Arabia,Current,4
1091,2021,Unknown,Female,Sudan,Graduated,4
1092,2020,From 20 to 29,Male,Palestine,Current,4
1094,2021,Unknown,Female,United Arab Emirates,Current,4
1095,2021,From 20 to 29,Male,Kuwait,Current,4
1096,2019,From 30 to 39,Female,Sudan,Current,4
1098,2020,From 20 to 29,Female,Bahrain,Aborted,4
1099,2021,Unknown,Male,Sudan,Graduated,4
1100,2021,From 30 to 39,Female,Yemen,Current,4
1101,2021,From 40 to 49,Male,Sudan,Current,4
1103,2019,From 30 to 39,Female,Palestine,Graduated,4
1104,2016,From 40 to 49,Female,Sudan,Current,4
1110,2016,From 30 to 39,Male,Kuwait,Completed,4
1111,2016,From 30 to 39,Male,Kuwait,Graduated,4
1112,2016,From 30 to 39,Male,Palestine,Completed,4
1114,2017,From 20 to 29,Female,Yemen,Current,4
1115,2016,From 40 to 49,Male,Sudan,Completed,4
1116,2016,Unknown,Female,Syria,Completed,4
1117,2016,Unknown,Female,Yemen,Completed,4
1119,2016,Unknown,Male,Egypt,Current,4
1120,2016,Unknown,Male,India,Graduated,4
1122,2016,Unknown,Male,Sudan,Aborted,4
1144,2017,From 20 to 29,Female,Bahrain,Graduated,4
1145,2017,From 30 to 39,Female,Bahrain,Current,4
1146,2019,From 30 to 39,Female,Kuwait,Graduated,4
1147,2018,From 40 to 49,Male,Yemen,Completed,4
1148,2018,From 30 to 39,Female,Sudan,Current,4
1150,2018,From 30 to 39,Male,Jordan,Graduated,4
1152,2018,From 30 to 39,Male,Palestine,Completed,4
1153,2018,From 30 to 39,Male,Syria,Current,4
1155,2018,From 40 to 49,Male,Sudan,Completed,4
1156,2018,From 50 to 59,Female,Saudi Arabia,Graduated,4
1157,2017,From 30 to 39,Female,India,Graduated,4
1158,2018,Less Than 20,Female,Saudi Arabia,Current,4
1159,2018,Unknown,Female,Egypt,Current,4
1160,2018,Unknown,Female,Jordan,Graduated,4
1161,2019,From 20 to 29,Female,Bahrain,Graduated,4
1162,2019,From 20 to 29,Female,Sudan,Current,4
1163,2019,From 20 to 29,Male,Bahrain,Aborted,4
1165,2019,From 30 to 39,Female,Bahrain,Graduated,4
1166,2018,From 30 to 39,Female,Palestine,Graduated,4
1167,2018,From 30 to 39,Female,India,Graduated,4
1169,2018,From 20 to 29,Male,Bahrain,Current,4
1170,2017,From 30 to 39,Female,Palestine,Graduated,4
1171,2017,From 30 to 39,Female,Sudan,Current,4
1172,2017,From 30 to 39,Male,Kuwait,Completed,4
1173,2017,From 30 to 39,Male,Kuwait,Graduated,4
1175,2017,From 30 to 39,Male,Palestine,Completed,4
1176,2017,From 30 to 39,Male,Yemen,Current,4
1177,2017,From 40 to 49,Female,Saudi Arabia,Aborted,4
1180,2017,From 40 to 49,Female,Sudan,Current,4
1181,2017,From 40 to 49,Female,Yemen,Completed,4
1183,2017,From 40 to 49,Male,Sudan,Completed,4
1184,2017,Less Than 20,Female,Saudi Arabia,Current,4
1185,2017,Unknown,Male,Kuwait,Graduated,4
1186,2018,From 20 to 29,Female,Bahrain,Graduated,4
1187,2018,From 30 to 39,Female,United Arab Emirates,Graduated,4
1242,2018,Unknown,Female,Palestine,Current,3
1243,2018,Unknown,Female,Jordan,Completed,3
1244,2021,From 30 to 39,Male,Egypt,Current,3
1246,2019,From 30 to 39,Female,Bahrain,Completed,3
1248,2021,From 30 to 39,Male,Egypt,Graduated,3
1250,2020,From 20 to 29,Male,United Arab Emirates,Current,3
1252,2017,From 30 to 39,Male,India,Graduated,3
1254,2018,Unknown,Female,Jordan,Current,3
1257,2021,From 30 to 39,Female,United Arab Emirates,Current,3
1258,2019,From 20 to 29,Male,United Arab Emirates,Current,3
1259,2020,From 30 to 39,Female,Kuwait,Graduated,3
1261,2020,From 30 to 39,Female,Egypt,Graduated,3
1263,2020,From 20 to 29,Male,Syria,Current,3
1265,2019,From 20 to 29,Male,Syria,Current,3
1267,2017,Unknown,Female,Egypt,Completed,3
1269,2017,From 30 to 39,Female,Palestine,Current,3
1274,2018,From 20 to 29,Female,Palestine,Current,3
1275,2021,From 40 to 49,Male,Egypt,Graduated,3
1277,2018,From 20 to 29,Female,Sudan,Graduated,3
1279,2017,From 30 to 39,Female,Pakistan,Completed,3
1282,2021,From 40 to 49,Male,Saudi Arabia,Completed,3
1284,2017,From 30 to 39,Female,Kuwait,Graduated,3
1285,2018,From 20 to 29,Male,Bahrain,Aborted,3
1291,2017,From 30 to 39,Female,Syria,Current,3
1292,2018,From 20 to 29,Female,India,Current,3
1298,2021,From 30 to 39,Male,Palestine,Current,3
1299,2021,From 30 to 39,Male,Palestine,Graduated,3
1303,2017,Unknown,Male,Kuwait,Completed,3
1305,2020,From 20 to 29,Male,Kuwait,Current,3
1309,2020,From 20 to 29,Male,Immigrant Tribes,Current,3
1310,2019,From 30 to 39,Female,India,Graduated,3
1311,2018,Unknown,Female,Egypt,Completed,3
1312,2021,From 40 to 49,Female,Egypt,Current,3
1313,2017,From 30 to 39,Male,Palestine,Current,3
1318,2017,From 40 to 49,Male,Bahrain,Graduated,3
1321,2020,Unknown,Male,Jordan,Graduated,3
1322,2019,From 20 to 29,Female,Pakistan,Current,3
1324,2017,From 40 to 49,Female,Sudan,Completed,3
1329,2017,Unknown,Female,Jordan,Completed,3
1330,2017,Unknown,Female,Jordan,Current,3
1331,2018,Unknown,Male,India,Graduated,3
1334,2020,Unknown,Male,Syria,Completed,3
1335,2020,Unknown,Male,Syria,Current,3
1336,2020,Unknown,Male,Egypt,Completed,3
1337,2020,From 40 to 49,Male,Syria,Graduated,3
1338,2017,Unknown,Female,Palestine,Current,3
1339,2020,Unknown,Male,Bahrain,Current,3
1342,2017,From 40 to 49,Male,Yemen,Completed,3
1344,2020,Unknown,Female,Egypt,Graduated,3
1345,2020,Unknown,Female,Egypt,Current,3
1347,2019,From 20 to 29,Female,Bahrain,Aborted,3
1349,2020,Unknown,Female,Syria,Current,3
1350,2017,From 40 to 49,Male,Palestine,Graduated,3
1351,2020,From 50 to 59,Male,Sudan,Graduated,3
1352,2017,From 50 to 59,Male,Yemen,Graduated,3
1354,2020,Unknown,Female,Yemen,Completed,3
1358,2018,Unknown,Male,Palestine,Completed,3
1359,2019,From 20 to 29,Female,Sudan,Graduated,3
1362,2018,Unknown,Female,Yemen,Completed,3
1364,2019,From 20 to 29,Male,Immigrant Tribes,Current,3
1365,2017,Unknown,Male,Bahrain,Current,3
1366,2020,From 30 to 39,Male,Egypt,Completed,3
1369,2018,Unknown,Female,Syria,Current,3
1370,2018,Unknown,Female,Syria,Completed,3
1371,2019,From 20 to 29,Male,Jordan,Current,3
1373,2020,From 20 to 29,Female,Bangladesh,Current,3
1376,2017,Unknown,Male,India,Graduated,3
1377,2017,From 30 to 39,Male,Saudi Arabia,Unknown,3
1378,2020,From 30 to 39,Female,Sudan,Current,3
1379,2017,Unknown,Male,Iraq,Graduated,3
1381,2019,From 20 to 29,Male,Palestine,Current,3
1383,2017,Unknown,Female,Yemen,Completed,3
1385,2017,Unknown,Female,United States,Graduated,3
1387,2021,From 20 to 29,Female,Immigrant Tribes,Current,3
1388,2020,From 30 to 39,Male,Syria,Completed,3
1390,2018,Unknown,Male,Bahrain,Current,3
1397,2020,From 30 to 39,Male,Kuwait,Graduated,3
1400,2020,From 30 to 39,Male,Kuwait,Current,3
1402,2017,Unknown,Female,Syria,Completed,3
1403,2017,Unknown,Female,Syria,Current,3
1404,2020,From 30 to 39,Male,Jordan,Graduated,3
1406,2019,From 30 to 39,Female,Jordan,Graduated,3
1407,2016,From 30 to 39,Male,Palestine,Current,3
1410,2022,Unknown,Female,Bahrain,Current,3
1414,2019,Unknown,Male,Bahrain,Current,3
1416,2021,Unknown,Male,India,Current,3
1417,2018,From 30 to 39,Male,Pakistan,Graduated,3
1419,2016,Unknown,Female,Jordan,Completed,3
1420,2022,From 20 to 29,Female,Yemen,Current,3
1421,2019,Unknown,Male,Egypt,Completed,3
1425,2022,Unknown,Female,Saudi Arabia,Aborted,3
1426,2018,From 40 to 49,Male,Palestine,Graduated,3
1428,2016,From 50 to 59,Female,Saudi Arabia,Graduated,3
1429,2019,From 40 to 49,Male,Sudan,Completed,3
1430,2016,From 30 to 39,Male,Pakistan,Graduated,3
1435,2019,Unknown,Female,Egypt,Current,3
1436,2019,From 50 to 59,Male,Sudan,Graduated,3
1437,2019,From 30 to 39,Male,Yemen,Completed,3
1438,2018,From 40 to 49,Male,Kuwait,Graduated,3
1439,2019,Unknown,Female,Syria,Current,3
1441,2022,From 40 to 49,Female,Egypt,Current,3
1442,2018,From 40 to 49,Female,India,Graduated,3
1443,2018,From 40 to 49,Female,Egypt,Graduated,3
1445,2018,From 40 to 49,Male,Egypt,Completed,3
1446,2016,From 40 to 49,Female,India,Completed,3
1450,2016,Unknown,Female,Egypt,Aborted,3
1451,2021,Unknown,Male,Sudan,Completed,3
1454,2016,Unknown,Male,Syria,Aborted,3
1455,2016,Unknown,Female,Egypt,Current,3
1456,2019,From 30 to 39,Male,Syria,Completed,3
1458,2016,From 30 to 39,Male,Yemen,Current,3
1459,2016,From 30 to 39,Male,Yemen,Completed,3
1460,2018,From 40 to 49,Male,Jordan,Graduated,3
1461,2018,From 30 to 39,Female,Kuwait,Graduated,3
1462,2019,Unknown,Female,Yemen,Completed,3
1464,2019,From 40 to 49,Male,Saudi Arabia,Aborted,3
1466,2016,From 40 to 49,Male,Kuwait,Graduated,3
1467,2018,From 30 to 39,Male,Sudan,Completed,3
1468,2021,Unknown,Female,Pakistan,Current,3
1469,2019,Unknown,Female,Jordan,Current,3
1470,2019,Unknown,Male,Sudan,Completed,3
1471,2019,Unknown,Female,Jordan,Completed,3
1472,2018,From 40 to 49,Female,Sudan,Completed,3
1474,2016,From 30 to 39,Female,Sudan,Current,3
1475,2021,Unknown,Female,Jordan,Current,3
1478,2019,From 40 to 49,Female,Yemen,Graduated,3
1479,2016,Unknown,Female,United States,Graduated,3
1480,2021,Unknown,Female,India,Current,3
1481,2022,From 30 to 39,Female,Saudi Arabia,Aborted,3
1482,2022,Unknown,Male,Jordan,Current,3
1485,2016,From 30 to 39,Female,Saudi Arabia,Unknown,3
1486,2016,Unknown,Female,Saudi Arabia,Unknown,3
1487,2019,Unknown,Male,Sudan,Current,3
1489,2019,From 30 to 39,Male,Bahrain,Current,3
1491,2016,From 30 to 39,Female,Palestine,Current,3
1492,2016,From 30 to 39,Female,Syria,Current,3
1493,2016,From 30 to 39,Female,Syria,Graduated,3
1497,2019,From 30 to 39,Male,Jordan,Graduated,3
1500,2016,From 40 to 49,Male,Palestine,Graduated,3
1501,2016,Unknown,Female,Pakistan,Completed,3
1503,2017,From 20 to 29,Female,Sudan,Graduated,3
1504,2019,Unknown,Male,Palestine,Completed,3
1506,2022,From 30 to 39,Female,Syria,Current,3
1507,2018,From 30 to 39,Male,Bahrain,Current,3
1508,2016,Unknown,Female,Palestine,Completed,3
1509,2016,Unknown,Female,Somalia,Graduated,3
1512,2022,From 30 to 39,Female,United Arab Emirates,Current,3
1514,2016,Unknown,Male,Iraq,Graduated,2
1516,2020,From 30 to 39,Male,Pakistan,Graduated,2
1518,2020,From 40 to 49,Female,Egypt,Graduated,2
1519,2020,From 40 to 49,Female,Egypt,Current,2
1521,2016,Unknown,Male,Lebanon,Graduated,2
1522,2016,From 40 to 49,Male,United Arab Emirates,Completed,2
1523,2020,From 40 to 49,Female,Bahrain,Current,2
1525,2017,From 40 to 49,Female,Bahrain,Current,2
1527,2016,From 50 to 59,Female,Jordan,Graduated,2
1528,2016,Unknown,Female,Algeria,Graduated,2
1529,2016,Unknown,Male,Kuwait,Aborted,2
1531,2016,From 50 to 59,Male,Saudi Arabia,Graduated,2
1532,2017,From 40 to 49,Female,Egypt,Current,2
1533,2017,From 40 to 49,Female,Egypt,Graduated,2
1535,2020,From 30 to 39,Male,Sudan,Current,2
1536,2016,Unknown,Male,Jordan,Current,2
1537,2019,From 50 to 59,Male,Yemen,Graduated,2
1538,2016,Unknown,Male,Jordan,Completed,2
1540,2020,From 30 to 39,Male,United Arab Emirates,Current,2
1541,2020,From 30 to 39,Male,Palestine,Current,2
1542,2020,From 30 to 39,Male,Palestine,Completed,2
1544,2020,From 30 to 39,Male,Yemen,Completed,2
1546,2020,From 20 to 29,Female,Canada,Current,2
1549,2020,From 40 to 49,Male,Sudan,Completed,2
1550,2016,Unknown,Female,Kuwait,Graduated,2
1552,2016,Unknown,Female,Morocco,Graduated,2
1555,2019,From 20 to 29,Female,Bangladesh,Current,2
1559,2016,Unknown,Female,Yemen,Aborted,2
1562,2016,Unknown,Female,United Arab Emirates,Graduated,2
1570,2017,From 40 to 49,Male,United Arab Emirates,Completed,2
1571,2018,Unknown,Male,United Arab Emirates,Completed,2
1573,2016,Unknown,Female,Sudan,Aborted,2
1577,2020,From 40 to 49,Male,Sudan,Current,2
1579,2016,Unknown,Female,Bahrain,Aborted,2
1580,2017,From 40 to 49,Male,Egypt,Completed,2
1581,2019,From 50 to 59,Male,Egypt,Graduated,2
1582,2020,From 40 to 49,Female,Saudi Arabia,Aborted,2
1585,2016,Unknown,Female,Bahrain,Graduated,2
1586,2016,Unknown,Male,India,Current,2
1587,2019,From 50 to 59,Female,Saudi Arabia,Graduated,2
1588,2020,From 40 to 49,Female,Sudan,Current,2
1589,2016,Unknown,Male,India,Completed,2
1590,2016,Unknown,Male,Eritrea,Graduated,2
1596,2016,Unknown,Female,India,Completed,2
1597,2016,Unknown,Male,Egypt,Aborted,2
1598,2020,From 40 to 49,Male,Egypt,Completed,2
1599,2016,Unknown,Male,Canada,Graduated,2
1601,2017,From 40 to 49,Female,Syria,Graduated,2
1603,2020,From 40 to 49,Male,Kuwait,Graduated,2
1605,2019,From 40 to 49,Male,Sudan,Current,2
1606,2020,From 40 to 49,Male,Pakistan,Graduated,2
1609,2020,From 30 to 39,Female,United Arab Emirates,Current,2
1610,2017,From 40 to 49,Female,Algeria,Graduated,2
1614,2019,Unknown,Male,Kuwait,Graduated,2
1615,2016,From 30 to 39,Male,India,Graduated,2
1617,2019,From 30 to 39,Male,Kuwait,Current,2
1618,2020,Unknown,Female,Jordan,Current,2
1619,2019,Unknown,Male,Iraq,Graduated,2
1620,2019,From 30 to 39,Male,Kuwait,Graduated,2
1621,2019,Unknown,Male,India,Completed,2
1622,2020,From 20 to 29,Male,India,Current,2
1623,2019,From 30 to 39,Female,India,Current,2
1624,2019,From 30 to 39,Female,India,Completed,2
1625,2019,From 30 to 39,Male,Pakistan,Graduated,2
1626,2019,From 30 to 39,Female,Eritrea,Graduated,2
1630,2017,From 30 to 39,Male,Bahrain,Current,2
1631,2019,From 30 to 39,Male,Palestine,Completed,2
1632,2019,From 30 to 39,Male,Palestine,Graduated,2
1639,2019,From 30 to 39,Female,Egypt,Completed,2
1641,2020,From 20 to 29,Male,United Arab Emirates,Aborted,2
1642,2019,From 30 to 39,Male,India,Graduated,2
1643,2019,From 30 to 39,Male,Immigrant Tribes,Current,2
1644,2017,From 30 to 39,Female,Sudan,Completed,2
1647,2016,From 30 to 39,Female,Bahrain,Graduated,2
1648,2019,From 30 to 39,Female,Syria,Current,2
1649,2017,From 30 to 39,Female,Egypt,Completed,2
1650,2020,From 20 to 29,Female,Bahrain,Graduated,2
1652,2019,From 30 to 39,Female,United Arab Emirates,Completed,2
1653,2016,From 30 to 39,Female,Kuwait,Graduated,2
1654,2017,From 30 to 39,Female,Eritrea,Graduated,2
1657,2019,From 30 to 39,Female,United States,Graduated,2
1658,2016,From 30 to 39,Female,Pakistan,Completed,2
1659,2016,From 20 to 29,Female,Yemen,Current,2
1660,2016,From 20 to 29,Female,Sudan,Graduated,2
1661,2019,From 30 to 39,Female,Palestine,Current,2
1664,2017,From 30 to 39,Female,Pakistan,Current,2
1665,2016,From 30 to 39,Female,Sudan,Aborted,2
1666,2016,From 20 to 29,Female,Bahrain,Graduated,2
1667,2019,From 30 to 39,Female,Pakistan,Completed,2
1669,2016,From 30 to 39,Female,Sudan,Completed,2
1670,2017,From 30 to 39,Female,Saudi Arabia,Unknown,2
1671,2020,From 20 to 29,Female,United States,Current,2
1675,2016,From 30 to 39,Male,Sudan,Current,2
1679,2016,From 40 to 49,Female,Saudi Arabia,Aborted,2
1680,2019,Unknown,Female,Palestine,Current,2
1682,2019,Unknown,Female,Palestine,Completed,2
1683,2016,From 40 to 49,Female,Sudan,Completed,2
1685,2020,From 30 to 39,Female,Syria,Current,2
1686,2016,From 40 to 49,Female,Syria,Graduated,2
1687,2016,From 40 to 49,Female,Yemen,Completed,2
1688,2019,From 20 to 29,Male,Kuwait,Current,2
1690,2020,From 30 to 39,Female,United Arab Emirates,Completed,2
1691,2017,From 30 to 39,Female,Bahrain,Completed,2
1693,2017,From 30 to 39,Male,Sudan,Current,2
1694,2016,From 30 to 39,Male,Syria,Completed,2
1696,2017,From 30 to 39,Male,Syria,Completed,2
1697,2017,From 30 to 39,Male,Syria,Current,2
1699,2016,From 40 to 49,Male,Bahrain,Graduated,2
1701,2019,From 20 to 29,Male,India,Current,2
1702,2020,From 30 to 39,Male,Federated States Of Micronesia,Current,2
1703,2020,From 30 to 39,Male,Federated States Of Micronesia,Graduated,2
1706,2020,From 30 to 39,Male,Immigrant Tribes,Current,2
1708,2019,Unknown,Female,India,Completed,2
1710,2020,From 30 to 39,Female,Palestine,Graduated,2
1712,2020,From 30 to 39,Female,Palestine,Current,2
1713,2020,From 30 to 39,Female,Bahrain,Completed,2
1714,2016,From 30 to 39,Male,Syria,Current,2
1720,2016,From 30 to 39,Male,Yemen,Unknown,2
1721,2016,From 40 to 49,Female,Algeria,Graduated,2
1722,2016,Unknown,Male,United Arab Emirates,Completed,2
1724,2019,From 30 to 39,Male,Sudan,Current,2
1727,2017,From 30 to 39,Male,Jordan,Graduated,2
1728,2016,From 40 to 49,Female,Egypt,Current,2
1729,2016,From 40 to 49,Female,Egypt,Graduated,2
1732,2020,From 30 to 39,Female,Jordan,Graduated,2
1738,2020,From 30 to 39,Female,Pakistan,Completed,2
1739,2020,From 30 to 39,Female,Pakistan,Graduated,2
1741,2019,Unknown,Female,Syria,Completed,2
1742,2020,Unknown,Female,Jordan,Completed,2
1743,2017,From 50 to 59,Male,Saudi Arabia,Aborted,2
1746,2018,From 50 to 59,Male,Sudan,Graduated,2
1747,2018,From 50 to 59,Male,Syria,Graduated,2
1748,2018,From 50 to 59,Male,Yemen,Graduated,2
1750,2021,From 40 to 49,Male,Kuwait,Graduated,2
1752,2018,From 20 to 29,Female,Sudan,Current,2
1755,2021,From 40 to 49,Male,Sudan,Completed,2
1759,2018,From 20 to 29,Female,Jordan,Current,2
1761,2021,From 40 to 49,Female,Bahrain,Current,2
1763,2021,From 30 to 39,Male,Yemen,Graduated,2
1764,2018,From 20 to 29,Female,United Arab Emirates,Current,2
1765,2021,From 40 to 49,Male,Sudan,Graduated,2
1769,2021,Unknown,Female,Palestine,Current,2
1771,2021,Unknown,Female,Iraq,Current,2
1772,2018,From 20 to 29,Male,Pakistan,Current,2
1774,2018,From 20 to 29,Male,Jordan,Current,2
1780,2021,Unknown,Female,Canada,Current,2
1783,2018,From 50 to 59,Male,Egypt,Graduated,2
1784,2021,From 40 to 49,Male,Yemen,Graduated,2
1785,2021,From 40 to 49,Male,Yemen,Current,2
1788,2021,From 30 to 39,Male,United Arab Emirates,Current,2
1790,2021,From 30 to 39,Male,Egypt,Completed,2
1792,2021,From 30 to 39,Male,Afghanistan,Current,2
1799,2018,From 20 to 29,Female,Bangladesh,Current,2
1800,2017,Unknown,Male,Palestine,Completed,2
1803,2021,From 30 to 39,Female,Palestine,Current,2
1805,2017,Unknown,Male,Pakistan,Completed,2
1806,2018,Unknown,Female,Pakistan,Graduated,2
1807,2018,Unknown,Female,Palestine,Completed,2
1813,2018,From 20 to 29,Female,Bahrain,Aborted,2
1816,2018,Unknown,Female,India,Completed,2
1819,2021,From 30 to 39,Male,Pakistan,Current,2
1821,2017,Unknown,Male,United Arab Emirates,Completed,2
1825,2018,Unknown,Female,India,Graduated,2
1826,2021,From 30 to 39,Male,Federated States Of Micronesia,Graduated,2
1829,2018,From 40 to 49,Male,United Arab Emirates,Completed,2
1831,2021,From 20 to 29,Male,United Arab Emirates,Current,2
1833,2022,From 40 to 49,Male,Pakistan,Current,2
1835,2022,From 40 to 49,Female,Yemen,Current,2
1836,2018,From 40 to 49,Female,Egypt,Current,2
1837,2018,From 30 to 39,Male,India,Graduated,2
1840,2022,From 30 to 39,Male,Syria,Current,2
1841,2018,From 40 to 49,Female,Jordan,Graduated,2
1842,2018,From 30 to 39,Male,Kuwait,Graduated,2
1844,2022,From 30 to 39,Male,Saudi Arabia,Aborted,2
1845,2022,From 30 to 39,Male,Palestine,Current,2
1846,2022,From 30 to 39,Male,Pakistan,Current,2
1850,2018,From 40 to 49,Female,Pakistan,Graduated,2
1851,2018,From 30 to 39,Male,Kuwait,Current,2
1852,2018,From 40 to 49,Female,Algeria,Graduated,2
1855,2018,From 30 to 39,Male,Syria,Completed,2
1857,2018,From 30 to 39,Male,Sudan,Current,2
1858,2018,From 30 to 39,Male,Sudan,Aborted,2
1861,2022,Unknown,Male,India,Current,2
1863,2022,Unknown,Male,Bahrain,Current,2
1864,2022,Unknown,Female,India,Current,2
1868,2022,Unknown,Female,Syria,Current,2
1872,2022,Unknown,Female,Jordan,Current,2
1873,2022,From 30 to 39,Male,Federated States Of Micronesia,Current,2
1876,2018,From 30 to 39,Female,Bahrain,Completed,2
1878,2018,From 30 to 39,Female,Jordan,Graduated,2
1880,2018,From 30 to 39,Female,India,Current,2
1881,2018,From 30 to 39,Female,Eritrea,Graduated,2
1882,2018,From 30 to 39,Female,Egypt,Completed,2
1885,2018,From 30 to 39,Female,Bahrain,Aborted,2
1888,2018,From 20 to 29,Male,United Arab Emirates,Current,2
1892,2018,From 40 to 49,Male,Sudan,Current,2
1893,2021,Unknown,Female,Syria,Current,2
1898,2018,From 30 to 39,Female,Pakistan,Completed,2
1899,2018,From 30 to 39,Female,Syria,Current,2
1900,2018,From 30 to 39,Female,Sudan,Completed,2
1902,2018,From 40 to 49,Female,Yemen,Completed,2
1904,2022,From 20 to 29,Female,Bahrain,Current,2
1908,2018,From 40 to 49,Male,Bahrain,Graduated,2
1911,2018,From 30 to 39,Female,Palestine,Current,2
1914,2018,From 30 to 39,Female,Pakistan,Current,2
1919,2021,From 20 to 29,Female,Indonesia,Current,2
1922,2021,From 20 to 29,Female,Somalia,Current,2
1923,2017,From 50 to 59,Male,Sudan,Graduated,2
1933,2021,From 20 to 29,Female,United States,Current,2
1934,2018,Unknown,Male,Kuwait,Graduated,2
1935,2018,Unknown,Female,United Arab Emirates,Graduated,2
1937,2017,Unknown,Male,Bahrain,Aborted,2
1938,2018,Unknown,Male,Immigrant Tribes,Graduated,2
1939,2021,From 20 to 29,Female,Canada,Current,2
1941,2018,Unknown,Male,Pakistan,Completed,2
1945,2021,From 20 to 29,Female,Bangladesh,Current,2
1946,2017,Unknown,Female,Palestine,Completed,2
1947,2018,Unknown,Male,Eritrea,Graduated,2
1949,2018,Unknown,Male,Immigrant Tribes,Completed,2
1950,2017,Unknown,Female,Somalia,Graduated,2
1955,2017,Unknown,Female,Bahrain,Aborted,2
1960,2017,Unknown,Female,Bahrain,Completed,2
1963,2018,Unknown,Male,Kuwait,Completed,2
1965,2017,Unknown,Male,Canada,Graduated,2
1969,2018,Unknown,Male,Iraq,Graduated,2
1970,2017,Unknown,Male,Immigrant Tribes,Graduated,2
1974,2021,From 20 to 29,Male,Saudi Arabia,Completed,2
1975,2017,Unknown,Female,India,Graduated,2
1977,2021,From 20 to 29,Male,Mauritania,Current,2
1979,2020,Unknown,Female,Palestine,Completed,2
1981,2020,Unknown,Male,Kuwait,Graduated,2
1983,2017,Unknown,Female,India,Completed,2
1984,2017,From 50 to 59,Female,Jordan,Graduated,2
1986,2021,From 20 to 29,Male,Sudan,Current,2
1987,2017,Unknown,Male,Immigrant Tribes,Completed,2
1990,2020,Unknown,Male,Palestine,Current,2
1991,2021,From 20 to 29,Male,India,Current,2
1994,2020,Unknown,Male,Iraq,Graduated,2
1995,2021,From 20 to 29,Female,Ethiopia,Current,2
1999,2017,Unknown,Male,Eritrea,Graduated,2
2001,2020,Unknown,Male,Palestine,Completed,2
2005,2019,From 30 to 39,Male,United Kingdom,Current,1
2006,2018,From 40 to 49,Male,Bahrain,Completed,1
2008,2019,From 30 to 39,Male,United Arab Emirates,Current,1
2009,2019,From 20 to 29,Female,Jordan,Graduated,1
2010,2019,From 30 to 39,Male,Tunisia,Current,1
2012,2019,From 30 to 39,Male,United Arab Emirates,Completed,1
2014,2018,Unknown,Male,Pakistan,Graduated,1
2015,2018,From 40 to 49,Male,Bahrain,Aborted,1
2016,2019,From 30 to 39,Male,United Kingdom,Graduated,1
2017,2018,Unknown,Male,Lebanon,Current,1
2019,2019,From 30 to 39,Male,Somalia,Current,1
2021,2018,From 40 to 49,Male,Pakistan,Completed,1
2023,2018,From 40 to 49,Male,Lebanon,Graduated,1
2026,2019,From 20 to 29,Female,Pakistan,Completed,1
2027,2018,From 40 to 49,Male,Kuwait,Completed,1
2029,2019,From 20 to 29,Female,Pakistan,Aborted,1
2030,2018,From 40 to 49,Male,India,Graduated,1
2032,2018,Unknown,Male,Kuwait,Current,1
2033,2018,From 40 to 49,Male,India,Completed,1
2034,2019,From 20 to 29,Female,New Zealand,Current,1
2035,2019,From 30 to 39,Male,Sudan,Completed,1
2036,2018,Unknown,Male,Palestine,Aborted,1
2037,2018,Unknown,Male,Lebanon,Graduated,1
2038,2019,From 20 to 29,Female,Libya,Aborted,1
2039,2018,Unknown,Male,Malaysia,Completed,1
2040,2019,From 20 to 29,Female,Kuwait,Current,1
2041,2018,Unknown,Male,Pakistan,Current,1
2042,2018,From 40 to 49,Female,United States,Aborted,1
2043,2019,From 20 to 29,Female,Egypt,Graduated,1
2044,2018,From 40 to 49,Female,United Arab Emirates,Graduated,1
2046,2018,Unknown,Male,Somalia,Graduated,1
2050,2019,From 40 to 49,Female,United Arab Emirates,Completed,1
2053,2018,Unknown,Male,United Kingdom,Graduated,1
2055,2019,From 40 to 49,Female,Pakistan,Graduated,1
2056,2019,From 40 to 49,Female,Kuwait,Graduated,1
2059,2019,From 40 to 49,Female,Kuwait,Current,1
2060,2018,Unknown,Male,Yemen,Aborted,1
2061,2018,Unknown,Male,Sudan,Aborted,1
2062,2019,From 40 to 49,Female,Jordan,Graduated,1
2063,2018,From 30 to 39,Male,United Arab Emirates,Current,1
2064,2019,From 40 to 49,Female,Syria,Graduated,1
2068,2019,From 40 to 49,Female,Sudan,Current,1
2070,2019,From 40 to 49,Female,Sudan,Completed,1
2073,2018,From 30 to 39,Male,United Arab Emirates,Graduated,1
2075,2018,From 30 to 39,Male,United Kingdom,Current,1
2076,2018,From 30 to 39,Male,United Kingdom,Graduated,1
2078,2018,From 40 to 49,Female,Azerbaijan,Graduated,1
2079,2018,From 40 to 49,Female,Bahrain,Completed,1
2080,2019,From 40 to 49,Female,Bahrain,Current,1
2082,2019,From 40 to 49,Female,Indonesia,Graduated,1
2083,2019,From 20 to 29,Female,Ethiopia,Current,1
2086,2019,From 40 to 49,Female,India,Graduated,1
2087,2019,From 20 to 29,Female,Immigrant Tribes,Graduated,1
2089,2018,From 40 to 49,Female,Pakistan,Aborted,1
2090,2019,From 40 to 49,Female,Egypt,Current,1
2091,2019,From 20 to 29,Female,Indonesia,Current,1
2092,2019,From 40 to 49,Female,Bahrain,Graduated,1
2094,2018,From 40 to 49,Female,Syria,Graduated,1
2095,2019,From 20 to 29,Female,Iraq,Current,1
2096,2018,From 40 to 49,Female,Pakistan,Completed,1
2097,2019,From 40 to 49,Female,Iraq,Graduated,1
2098,2018,From 40 to 49,Female,Bahrain,Current,1
2099,2019,From 40 to 49,Female,Jordan,Current,1
2100,2018,From 40 to 49,Female,Bahrain,Graduated,1
2102,2018,From 40 to 49,Female,Indonesia,Graduated,1
2103,2018,From 40 to 49,Female,Ireland,Graduated,1
2104,2018,From 40 to 49,Female,Jordan,Current,1
2106,2019,From 20 to 29,Female,Belgium,Graduated,1
2108,2019,From 40 to 49,Female,Ireland,Graduated,1
2109,2019,From 20 to 29,Female,Canada,Current,1
2110,2018,From 40 to 49,Female,Kuwait,Current,1
2111,2019,From 20 to 29,Female,Egypt,Aborted,1
2112,2018,From 40 to 49,Female,Kuwait,Graduated,1
2114,2018,From 40 to 49,Male,Palestine,Completed,1
2115,2018,Unknown,Female,Somalia,Graduated,1
2117,2019,From 30 to 39,Male,Nigeria,Current,1
2118,2018,Unknown,Male,Bahrain,Aborted,1
2119,2018,Unknown,Male,Afghanistan,Graduated,1
2122,2019,From 30 to 39,Female,Egypt,Current,1
2123,2018,Unknown,Male,Afghanistan,Current,1
2125,2018,Unknown,Female,India,Current,1
2126,2019,From 20 to 29,Male,Bangladesh,Current,1
2127,2019,From 30 to 39,Female,China,Completed,1
2128,2019,From 30 to 39,Female,Canada,Current,1
2130,2018,Unknown,Female,United States,Graduated,1
2131,2018,Unknown,Female,Iraq,Completed,1
2132,2018,Unknown,Female,Iraq,Current,1
2134,2019,From 30 to 39,Female,Immigrant Tribes,Graduated,1
2135,2018,Unknown,Female,France,Current,1
2136,2019,From 30 to 39,Female,Kuwait,Current,1
2137,2018,Less Than 20,Male,Saudi Arabia,Graduated,1
2138,2019,From 20 to 29,Male,Afghanistan,Current,1
2139,2019,From 30 to 39,Female,Lebanon,Current,1
2140,2018,Unknown,Female,Bahrain,Aborted,1
2142,2018,Unknown,Female,Bahrain,Completed,1
2143,2018,Unknown,Female,Bangladesh,Completed,1
2144,2019,From 20 to 29,Male,Algeria,Current,1
2145,2018,Unknown,Female,Djibouti,Current,1
2146,2019,From 30 to 39,Female,Iraq,Current,1
2147,2018,Unknown,Male,Bahrain,Completed,1
2148,2019,From 20 to 29,Male,Algeria,Aborted,1
2151,2018,Unknown,Female,United Arab Emirates,Completed,1
2152,2019,From 20 to 29,Male,Belize,Current,1
2155,2019,From 20 to 29,Male,Lebanon,Current,1
2160,2018,Unknown,Female,Russia,Graduated,1
2162,2018,Unknown,Female,Morocco,Graduated,1
2165,2018,Unknown,Female,Saudi Arabia,Unknown,1
2166,2018,Unknown,Female,Sudan,Aborted,1
2167,2018,Unknown,Female,Somalia,Completed,1
2169,2018,Unknown,Female,Oman,Completed,1
2170,2019,From 20 to 29,Male,Jordan,Graduated,1
2171,2018,Unknown,Female,Turkmenistan,Current,1
2172,2019,From 20 to 29,Male,United States,Current,1
2174,2019,From 30 to 39,Female,Bahrain,Aborted,1
2176,2018,Unknown,Female,Jordan,Aborted,1
2177,2019,From 20 to 29,Male,Iraq,Current,1
2178,2019,From 20 to 29,Male,Jordan,Completed,1
2180,2019,From 20 to 29,Male,Spain,Current,1
2182,2018,Unknown,Female,Kuwait,Completed,1
2183,2019,From 20 to 29,Male,Sudan,Current,1
2184,2018,Unknown,Female,Kuwait,Graduated,1
2185,2019,From 20 to 29,Male,Sudan,Completed,1
2186,2018,Unknown,Female,Lebanon,Current,1
2187,2019,From 30 to 39,Female,Lebanon,Graduated,1
2189,2018,Less Than 20,Male,Saudi Arabia,Completed,1
2190,2018,From 50 to 59,Female,Pakistan,Completed,1
2191,2018,Unknown,Male,Immigrant Tribes,Current,1
2194,2018,From 40 to 49,Male,Yemen,Current,1
2196,2019,From 30 to 39,Male,Bahrain,Graduated,1
2197,2019,From 30 to 39,Male,Bahrain,Completed,1
2198,2019,From 30 to 39,Male,Bangladesh,Current,1
2199,2019,From 30 to 39,Male,Afghanistan,Current,1
2203,2019,From 20 to 29,Female,Spain,Current,1
2205,2018,From 40 to 49,Male,Unknown,Graduated,1
2206,2019,From 30 to 39,Male,Egypt,Completed,1
2207,2018,From 50 to 59,Female,Saudi Arabia,Aborted,1
2208,2018,Unknown,Male,Jordan,Completed,1
2209,2019,From 20 to 29,Female,Palestine,Graduated,1
2211,2019,From 30 to 39,Male,Lebanon,Graduated,1
2215,2019,From 30 to 39,Male,India,Current,1
2216,2019,From 20 to 29,Male,Mauritania,Current,1
2217,2019,From 30 to 39,Male,India,Completed,1
2218,2019,From 30 to 39,Male,Immigrant Tribes,Graduated,1
2220,2018,Unknown,Male,Indonesia,Current,1
2221,2019,From 30 to 39,Male,Eritrea,Current,1
2222,2018,Unknown,Male,India,Current,1
2224,2018,From 50 to 59,Female,Saudi Arabia,Completed,1
2227,2018,From 50 to 59,Male,Saudi Arabia,Graduated,1
2229,2018,From 50 to 59,Male,Sudan,Completed,1
2230,2019,From 20 to 29,Female,United Arab Emirates,Completed,1
2232,2018,Unknown,Male,Egypt,Aborted,1
2233,2018,From 60 to 69,Female,Saudi Arabia,Graduated,1
2235,2019,From 30 to 39,Female,Pakistan,Current,1
2236,2018,From 60 to 69,Male,Egypt,Graduated,1
2237,2018,From 70 to 79,Female,Saudi Arabia,Graduated,1
2238,2019,From 20 to 29,Female,Yemen,Graduated,1
2239,2018,Unknown,Male,Canada,Graduated,1
2240,2018,From 80 to 89,Male,Saudi Arabia,Current,1
2241,2019,From 20 to 29,Female,United Arab Emirates,Aborted,1
2242,2018,From 50 to 59,Male,Saudi Arabia,Completed,1
2243,2019,From 30 to 39,Female,Turkey,Current,1
2245,2019,From 30 to 39,Female,Thailand,Current,1
2247,2018,From 50 to 59,Male,Egypt,Completed,1
2248,2019,From 30 to 39,Female,Syria,Graduated,1
2249,2019,From 20 to 29,Female,Tunisia,Current,1
2250,2018,From 50 to 59,Male,India,Graduated,1
2254,2019,From 30 to 39,Female,Sudan,Completed,1
2255,2019,From 30 to 39,Female,Somalia,Graduated,1
2256,2019,From 20 to 29,Female,Turkestan,Current,1
2257,2018,From 50 to 59,Male,Pakistan,Current,1
2259,2018,Unknown,Male,India,Completed,1
2261,2019,From 40 to 49,Female,United Kingdom,Graduated,1
2262,2021,From 20 to 29,Male,United Arab Emirates,Aborted,1
2263,2021,From 30 to 39,Female,Mali,Graduated,1
2264,2021,From 30 to 39,Female,Lebanon,Current,1
2265,2021,From 30 to 39,Female,Kuwait,Current,1
2266,2021,From 30 to 39,Female,Iraq,Current,1
2267,2021,From 30 to 39,Female,India,Current,1
2268,2021,From 30 to 39,Female,Federated States Of Micronesia,Graduated,1
2269,2021,From 30 to 39,Female,Egypt,Graduated,1
2271,2021,From 30 to 39,Female,Canada,Current,1
2272,2021,From 30 to 39,Female,Bahrain,Graduated,1
2275,2021,From 20 to 29,Male,Yemen,Aborted,1
2276,2021,From 20 to 29,Male,United States,Current,1
2279,2021,From 20 to 29,Male,Spain,Current,1
2280,2021,From 20 to 29,Male,Somalia,Current,1
2284,2021,From 20 to 29,Male,Niger,Current,1
2285,2021,From 20 to 29,Male,Lebanon,Current,1
2288,2021,From 20 to 29,Male,Iraq,Current,1
2290,2021,From 20 to 29,Male,Ethiopia,Current,1
2292,2021,From 20 to 29,Male,Belize,Current,1
2293,2021,From 30 to 39,Female,Pakistan,Current,1
2294,2021,From 30 to 39,Female,Palestine,Completed,1
2297,2021,From 40 to 49,Female,Bahrain,Graduated,1
2298,2021,From 40 to 49,Female,Bahrain,Completed,1
2299,2021,From 30 to 39,Male,Unknown,Current,1
2300,2021,From 30 to 39,Male,United Kingdom,Current,1
2302,2021,From 30 to 39,Male,Syria,Aborted,1
2303,2021,From 30 to 39,Male,Sudan,Graduated,1
2307,2021,From 30 to 39,Male,Palestine,Completed,1
2308,2021,From 30 to 39,Male,Nigeria,Current,1
2309,2021,From 30 to 39,Male,Malta,Current,1
2310,2021,From 30 to 39,Male,Kuwait,Graduated,1
2312,2021,From 30 to 39,Male,Jordan,Graduated,1
2313,2021,From 30 to 39,Male,Jordan,Current,1
2314,2021,From 30 to 39,Male,India,Current,1
2315,2021,From 30 to 39,Male,Immigrant Tribes,Current,1
2316,2021,From 30 to 39,Male,Federated States Of Micronesia,Current,1
2317,2021,From 30 to 39,Male,Eritrea,Current,1
2318,2021,From 30 to 39,Male,Bangladesh,Current,1
2320,2021,From 30 to 39,Female,Yemen,Graduated,1
2322,2021,From 30 to 39,Female,Turkey,Current,1
2323,2021,From 30 to 39,Female,Thailand,Current,1
2324,2021,From 30 to 39,Female,Sudan,Graduated,1
2326,2021,From 20 to 29,Male,Bangladesh,Current,1
2327,2021,From 20 to 29,Male,Bahrain,Completed,1
2328,2019,From 40 to 49,Female,Yemen,Current,1
2329,2020,Unknown,Male,Immigrant Tribes,Graduated,1
2333,2020,Unknown,Male,Pakistan,Graduated,1
2334,2020,Unknown,Male,Pakistan,Current,1
2335,2020,Unknown,Male,Oman,Graduated,1
2336,2020,Unknown,Male,Mauritania,Graduated,1
2337,2020,Unknown,Male,Malaysia,Completed,1
2338,2020,Unknown,Male,Kuwait,Current,1
2340,2020,Unknown,Male,Indonesia,Current,1
2341,2020,Unknown,Male,India,Graduated,1
2342,2020,Unknown,Male,India,Current,1
2343,2020,Unknown,Male,India,Completed,1
2344,2020,Unknown,Male,Immigrant Tribes,Current,1
2345,2021,From 20 to 29,Male,Algeria,Current,1
2346,2020,Unknown,Male,Immigrant Tribes,Completed,1
2347,2020,Unknown,Male,Eritrea,Graduated,1
2350,2020,Unknown,Male,Egypt,Aborted,1
2352,2020,Unknown,Male,Afghanistan,Current,1
2354,2020,Unknown,Female,United States,Graduated,1
2355,2020,Unknown,Female,United States,Current,1
2356,2020,Unknown,Female,Turkmenistan,Current,1
2357,2020,Unknown,Female,Syria,Graduated,1
2358,2020,Unknown,Female,Syria,Completed,1
2362,2020,Unknown,Male,Somalia,Graduated,1
2364,2021,From 20 to 29,Male,Afghanistan,Current,1
2366,2021,From 20 to 29,Female,United Kingdom,Current,1
2368,2021,From 20 to 29,Female,Turkestan,Current,1
2369,2021,From 20 to 29,Female,Tunisia,Current,1
2372,2021,From 20 to 29,Female,Spain,Current,1
2375,2021,From 20 to 29,Female,Saudi Arabia,Completed,1
2377,2021,From 20 to 29,Female,New Zealand,Current,1
2378,2021,From 20 to 29,Female,Mauritania,Current,1
2379,2021,From 20 to 29,Female,Kuwait,Current,1
2381,2021,From 20 to 29,Female,Iraq,Current,1
2382,2021,From 20 to 29,Female,Iran,Current,1
2384,2021,From 20 to 29,Female,India,Aborted,1
2386,2021,From 20 to 29,Female,Egypt,Aborted,1
2387,2021,From 20 to 29,Female,Djibouti,Current,1
2393,2021,From 40 to 49,Female,Germany,Graduated,1
2394,2021,From 40 to 49,Female,Jordan,Completed,1
2395,2021,From 40 to 49,Female,Jordan,Current,1
2396,2022,From 30 to 39,Female,India,Current,1
2397,2022,From 30 to 39,Male,Nigeria,Current,1
2398,2022,From 30 to 39,Male,Malta,Current,1
2399,2022,From 30 to 39,Male,Jordan,Current,1
2400,2022,From 30 to 39,Male,Iraq,Current,1
2401,2022,From 30 to 39,Male,India,Current,1
2402,2022,From 30 to 39,Male,Immigrant Tribes,Current,1
2404,2022,From 30 to 39,Male,Bangladesh,Current,1
2405,2022,From 30 to 39,Male,Bahrain,Current,1
2408,2022,From 30 to 39,Female,Palestine,Current,1
2409,2022,From 30 to 39,Female,Pakistan,Current,1
2410,2022,From 30 to 39,Female,Jordan,Current,1
2412,2021,From 40 to 49,Female,Pakistan,Completed,1
2414,2022,From 20 to 29,Male,Syria,Current,1
2415,2022,From 20 to 29,Male,Mauritania,Current,1
2417,2022,From 20 to 29,Female,Saudi Arabia,Aborted,1
2418,2022,From 20 to 29,Female,India,Current,1
2419,2022,From 20 to 29,Female,Bangladesh,Current,1
2421,2021,Unknown,Male,Yemen,Aborted,1
2422,2021,Unknown,Male,Syria,Completed,1
2427,2022,From 30 to 39,Male,Somalia,Current,1
2428,2022,From 30 to 39,Male,Tunisia,Current,1
2429,2022,From 30 to 39,Male,Unknown,Current,1
2430,2022,From 40 to 49,Female,Bahrain,Current,1
2436,2022,Unknown,Male,Lebanon,Current,1
2437,2022,Unknown,Male,Immigrant Tribes,Current,1
2438,2022,Unknown,Male,Bangladesh,Current,1
2440,2022,Unknown,Female,United States,Current,1
2441,2022,Unknown,Female,United Arab Emirates,Current,1
2442,2022,Unknown,Female,Turkey,Current,1
2444,2022,Unknown,Female,Lebanon,Current,1
2445,2022,Unknown,Female,Iraq,Current,1
2446,2022,Unknown,Female,France,Current,1
2448,2022,From 50 to 59,Male,Pakistan,Current,1
2449,2022,From 50 to 59,Female,Egypt,Current,1
2452,2022,From 40 to 49,Male,Saudi Arabia,Aborted,1
2453,2022,From 40 to 49,Male,Palestine,Current,1
2455,2022,From 40 to 49,Female,United Arab Emirates,Current,1
2458,2022,From 40 to 49,Female,Pakistan,Current,1
2459,2022,From 40 to 49,Female,Jordan,Current,1
2461,2021,Unknown,Male,Palestine,Completed,1
2462,2021,Unknown,Male,Pakistan,Current,1
2463,2021,Unknown,Female,Djibouti,Current,1
2465,2021,From 80 to 89,Male,Saudi Arabia,Current,1
2466,2021,From 60 to 69,Female,Sudan,Current,1
2467,2021,From 50 to 59,Male,Federated States Of Micronesia,Graduated,1
2468,2021,From 50 to 59,Female,Yemen,Graduated,1
2469,2021,From 40 to 49,Male,Yemen,Completed,1
2470,2021,From 40 to 49,Male,Syria,Graduated,1
2471,2021,From 40 to 49,Male,Syria,Completed,1
2475,2021,From 40 to 49,Male,Saudi Arabia,Aborted,1
2476,2021,From 40 to 49,Male,Palestine,Current,1
2477,2021,From 40 to 49,Male,Pakistan,Graduated,1
2478,2021,From 40 to 49,Male,Pakistan,Current,1
2479,2021,From 40 to 49,Male,Pakistan,Completed,1
2480,2021,From 40 to 49,Male,Mauritania,Graduated,1
2481,2021,From 40 to 49,Male,Immigrant Tribes,Current,1
2482,2021,From 40 to 49,Male,Germany,Graduated,1
2483,2021,From 40 to 49,Male,Federated States Of Micronesia,Completed,1
2485,2021,From 40 to 49,Male,Egypt,Completed,1
2486,2021,From 40 to 49,Female,Yemen,Current,1
2487,2021,From 40 to 49,Female,Yemen,Completed,1
2488,2021,From 40 to 49,Female,Sudan,Graduated,1
2491,2021,From 40 to 49,Female,Saudi Arabia,Aborted,1
2492,2021,From 40 to 49,Female,Pakistan,Current,1
2493,2021,Unknown,Female,Bahrain,Graduated,1
2494,2021,Unknown,Female,Egypt,Aborted,1
2495,2021,Unknown,Male,Pakistan,Completed,1
2496,2021,Unknown,Female,Egypt,Current,1
2497,2021,Unknown,Male,Oman,Graduated,1
2498,2021,Unknown,Male,Lebanon,Current,1
2499,2021,Unknown,Male,Kuwait,Graduated,1
2500,2021,Unknown,Male,Kuwait,Current,1
2501,2021,Unknown,Male,Jordan,Graduated,1
2502,2021,Unknown,Male,Iraq,Current,1
2503,2021,Unknown,Male,Indonesia,Current,1
2504,2021,Unknown,Male,Immigrant Tribes,Completed,1
2505,2021,Unknown,Male,Eritrea,Graduated,1
2507,2021,Unknown,Male,Egypt,Completed,1
2508,2021,Unknown,Male,Bangladesh,Current,1
2509,2021,Unknown,Male,Bahrain,Graduated,1
2510,2021,Unknown,Male,Bahrain,Current,1
2511,2021,Unknown,Male,Afghanistan,Current,1
2513,2021,Unknown,Female,United States,Current,1
2514,2021,Unknown,Female,United States,Aborted,1
2516,2021,Unknown,Female,Turkmenistan,Current,1
2517,2021,Unknown,Female,Turkey,Current,1
2518,2021,Unknown,Female,Syria,Graduated,1
2522,2021,Unknown,Female,Palestine,Completed,1
2523,2021,Unknown,Female,Lebanon,Current,1
2524,2021,Unknown,Female,France,Current,1
2525,2021,Unknown,Female,Ethiopia,Completed,1
2528,2020,Unknown,Female,Somalia,Completed,1
2530,2020,From 20 to 29,Female,Egypt,Aborted,1
2536,2019,Unknown,Male,Yemen,Aborted,1
2541,2019,Unknown,Male,Somalia,Graduated,1
2545,2020,From 20 to 29,Male,Bahrain,Completed,1
2546,2019,Unknown,Male,Pakistan,Graduated,1
2547,2019,Unknown,Male,Pakistan,Current,1
2548,2019,Unknown,Male,Pakistan,Completed,1
2549,2019,Unknown,Male,Oman,Graduated,1
2550,2019,Unknown,Male,Mauritania,Graduated,1
2551,2019,Unknown,Male,Malaysia,Completed,1
2552,2019,Unknown,Male,Kuwait,Current,1
2555,2019,Unknown,Male,Jordan,Completed,1
2556,2019,Unknown,Male,Indonesia,Current,1
2557,2019,Unknown,Male,India,Graduated,1
2558,2019,Unknown,Male,Immigrant Tribes,Graduated,1
2559,2019,Unknown,Male,Immigrant Tribes,Current,1
2561,2020,From 20 to 29,Female,Egypt,Graduated,1
2562,2020,From 20 to 29,Female,Ethiopia,Current,1
2563,2020,From 20 to 29,Female,Immigrant Tribes,Current,1
2564,2020,From 20 to 29,Male,Algeria,Current,1
2565,2020,From 20 to 29,Male,Afghanistan,Current,1
2566,2020,From 20 to 29,Female,Yemen,Graduated,1
2568,2020,From 20 to 29,Female,United Kingdom,Current,1
2570,2020,From 20 to 29,Female,United Arab Emirates,Completed,1
2571,2020,From 20 to 29,Female,United Arab Emirates,Aborted,1
2572,2020,From 20 to 29,Female,Turkestan,Current,1
2573,2020,From 20 to 29,Female,Tunisia,Current,1
2575,2020,From 20 to 29,Female,Sudan,Graduated,1
2577,2020,From 20 to 29,Female,Spain,Current,1
2581,2020,From 20 to 29,Female,Pakistan,Aborted,1
2582,2020,From 20 to 29,Female,New Zealand,Current,1
2583,2020,From 20 to 29,Female,Libya,Aborted,1
2584,2020,From 20 to 29,Female,Kuwait,Current,1
2585,2020,From 20 to 29,Female,Jordan,Graduated,1
2587,2020,From 20 to 29,Female,Iraq,Current,1
2588,2020,From 20 to 29,Female,Iran,Current,1
2589,2020,From 20 to 29,Female,Indonesia,Current,1
2591,2020,From 20 to 29,Female,India,Aborted,1
2592,2020,From 20 to 29,Female,Immigrant Tribes,Graduated,1
2593,2019,Unknown,Male,Eritrea,Graduated,1
2595,2019,Unknown,Male,Egypt,Aborted,1
2597,2019,Less Than 20,Male,Saudi Arabia,Graduated,1
2599,2019,From 80 to 89,Male,Saudi Arabia,Current,1
2600,2019,From 70 to 79,Female,Saudi Arabia,Graduated,1
2601,2019,From 50 to 59,Male,Syria,Graduated,1
2602,2019,From 50 to 59,Male,Saudi Arabia,Graduated,1
2603,2019,From 50 to 59,Male,Saudi Arabia,Completed,1
2604,2019,From 50 to 59,Male,Pakistan,Current,1
2605,2019,From 50 to 59,Female,Yemen,Graduated,1
2606,2019,From 50 to 59,Female,Saudi Arabia,Completed,1
2607,2019,From 50 to 59,Female,Saudi Arabia,Aborted,1
2608,2019,From 50 to 59,Female,Pakistan,Completed,1
2609,2019,From 50 to 59,Female,Egypt,Graduated,1
2610,2019,From 40 to 49,Male,Yemen,Current,1
2611,2019,From 40 to 49,Male,Yemen,Completed,1
2612,2019,From 40 to 49,Male,Uzbekistan,Completed,1
2613,2019,From 40 to 49,Male,United Arab Emirates,Completed,1
2616,2019,From 40 to 49,Male,Palestine,Completed,1
2618,2019,From 40 to 49,Male,Pakistan,Completed,1
2619,2019,From 40 to 49,Male,Lebanon,Graduated,1
2621,2019,From 40 to 49,Male,Jordan,Graduated,1
2622,2019,From 40 to 49,Male,Immigrant Tribes,Current,1
2624,2019,From 40 to 49,Male,Egypt,Completed,1
2625,2019,From 40 to 49,Male,Bahrain,Graduated,1
2626,2019,Unknown,Female,Bahrain,Completed,1
2627,2019,Unknown,Female,Djibouti,Current,1
2628,2019,Unknown,Male,Canada,Graduated,1
2629,2019,Unknown,Female,Egypt,Completed,1
2631,2019,Unknown,Male,Afghanistan,Current,1
2634,2019,Unknown,Female,United States,Graduated,1
2635,2019,Unknown,Female,United Arab Emirates,Graduated,1
2636,2019,Unknown,Female,United Arab Emirates,Completed,1
2637,2019,Unknown,Female,Turkmenistan,Current,1
2641,2019,Unknown,Female,Sudan,Aborted,1
2642,2019,Unknown,Female,Somalia,Graduated,1
2643,2019,Unknown,Female,Somalia,Completed,1
2649,2019,Unknown,Female,Oman,Completed,1
2650,2019,Unknown,Female,Morocco,Graduated,1
2651,2019,Unknown,Female,Kuwait,Graduated,1
2652,2019,Unknown,Female,Kuwait,Completed,1
2654,2019,Unknown,Female,Iraq,Current,1
2655,2019,Unknown,Female,Iraq,Completed,1
2656,2019,Unknown,Female,India,Graduated,1
2657,2019,Unknown,Female,India,Current,1
2658,2019,Unknown,Female,Ethiopia,Completed,1
2659,2020,From 20 to 29,Male,Bahrain,Aborted,1
2660,2020,From 20 to 29,Male,Bangladesh,Current,1
2662,2020,From 40 to 49,Female,Yemen,Graduated,1
2663,2020,From 40 to 49,Male,Syria,Completed,1
2668,2020,From 40 to 49,Male,Pakistan,Completed,1
2669,2020,From 40 to 49,Male,Mauritania,Graduated,1
2670,2020,From 40 to 49,Male,Lebanon,Graduated,1
2671,2020,From 40 to 49,Male,Immigrant Tribes,Current,1
2672,2020,From 40 to 49,Male,Germany,Graduated,1
2673,2020,From 40 to 49,Male,Federated States Of Micronesia,Completed,1
2675,2020,From 40 to 49,Male,Egypt,Current,1
2676,2020,From 40 to 49,Male,Bahrain,Graduated,1
2677,2020,From 40 to 49,Female,Yemen,Current,1
2678,2020,From 20 to 29,Male,Belize,Current,1
2679,2020,From 40 to 49,Female,Yemen,Completed,1
2680,2020,From 40 to 49,Female,United Arab Emirates,Completed,1
2681,2020,From 40 to 49,Female,Syria,Graduated,1
2683,2020,From 40 to 49,Female,Pakistan,Current,1
2684,2020,From 40 to 49,Female,Pakistan,Completed,1
2685,2020,From 40 to 49,Female,Jordan,Completed,1
2686,2020,From 40 to 49,Female,Iraq,Graduated,1
2687,2020,From 40 to 49,Female,Indonesia,Graduated,1
2688,2020,From 40 to 49,Female,Germany,Graduated,1
2689,2020,From 40 to 49,Female,Bahrain,Graduated,1
2690,2020,From 40 to 49,Female,Bahrain,Completed,1
2692,2020,From 30 to 39,Male,United Kingdom,Current,1
2693,2020,From 40 to 49,Male,United Arab Emirates,Completed,1
2694,2020,From 40 to 49,Male,Uzbekistan,Completed,1
2695,2020,From 40 to 49,Male,Yemen,Completed,1
2696,2020,From 40 to 49,Male,Yemen,Current,1
2699,2020,Unknown,Female,Oman,Completed,1
2700,2020,Unknown,Female,Lebanon,Current,1
2701,2020,Unknown,Female,Kuwait,Graduated,1
2702,2020,Unknown,Female,Jordan,Graduated,1
2703,2020,Unknown,Female,Iraq,Completed,1
2704,2020,Unknown,Female,India,Graduated,1
2705,2020,Unknown,Female,India,Current,1
2706,2020,Unknown,Female,India,Completed,1
2707,2020,Unknown,Female,Ethiopia,Completed,1
2708,2020,Unknown,Female,Egypt,Completed,1
2709,2020,Unknown,Female,Djibouti,Current,1
2712,2020,Unknown,Female,Bahrain,Completed,1
2713,2020,Less Than 20,Male,Saudi Arabia,Completed,1
2715,2020,From 80 to 89,Male,Saudi Arabia,Current,1
2716,2020,From 70 to 79,Female,Saudi Arabia,Graduated,1
2717,2020,From 50 to 59,Male,Yemen,Graduated,1
2718,2020,From 50 to 59,Male,Saudi Arabia,Completed,1
2719,2020,From 50 to 59,Male,Federated States Of Micronesia,Graduated,1
2720,2020,From 50 to 59,Male,Egypt,Graduated,1
2721,2020,From 50 to 59,Female,Yemen,Graduated,1
2722,2020,From 50 to 59,Female,Saudi Arabia,Graduated,1
2723,2020,From 50 to 59,Female,Pakistan,Completed,1
2724,2020,From 50 to 59,Female,Egypt,Graduated,1
2726,2020,From 30 to 39,Male,United Arab Emirates,Completed,1
2729,2020,From 30 to 39,Female,Palestine,Completed,1
2730,2020,From 30 to 39,Female,Mali,Graduated,1
2731,2020,From 30 to 39,Female,Lebanon,Current,1
2732,2020,From 30 to 39,Female,Kuwait,Current,1
2733,2020,From 30 to 39,Female,Jordan,Current,1
2734,2020,From 30 to 39,Female,Iraq,Current,1
2735,2020,From 30 to 39,Female,India,Current,1
2736,2020,From 30 to 39,Female,India,Completed,1
2737,2020,From 30 to 39,Female,Federated States Of Micronesia,Graduated,1
2738,2020,From 30 to 39,Female,Eritrea,Graduated,1
2739,2020,From 30 to 39,Female,Egypt,Current,1
2740,2020,From 30 to 39,Female,Egypt,Completed,1
2741,2020,From 30 to 39,Female,Canada,Current,1
2745,2020,From 20 to 29,Male,United States,Current,1
2746,2020,From 20 to 29,Male,Sudan,Current,1
2747,2020,From 20 to 29,Male,Spain,Current,1
2748,2020,From 20 to 29,Male,Somalia,Current,1
2752,2020,From 20 to 29,Male,Palestine,Aborted,1
2753,2018,From 30 to 39,Male,Tunisia,Current,1
2754,2020,From 20 to 29,Male,Lebanon,Current,1
2756,2020,From 20 to 29,Male,Jordan,Completed,1
2757,2020,From 20 to 29,Male,Iraq,Current,1
2759,2020,From 30 to 39,Female,Pakistan,Current,1
2761,2020,From 30 to 39,Male,Syria,Aborted,1
2768,2020,From 30 to 39,Male,Pakistan,Current,1
2769,2020,From 30 to 39,Male,Malta,Current,1
2771,2020,From 30 to 39,Male,Jordan,Current,1
2772,2020,From 30 to 39,Male,India,Graduated,1
2773,2020,From 30 to 39,Male,India,Completed,1
2774,2020,From 30 to 39,Male,Eritrea,Current,1
2776,2020,From 30 to 39,Male,Egypt,Current,1
2777,2020,From 30 to 39,Male,Bahrain,Graduated,1
2779,2020,From 30 to 39,Male,Bahrain,Completed,1
2780,2020,From 30 to 39,Male,Afghanistan,Current,1
2782,2020,From 30 to 39,Female,Yemen,Current,1
2783,2020,From 30 to 39,Female,United States,Graduated,1
2784,2020,From 30 to 39,Female,United Arab Emirates,Graduated,1
2785,2020,From 30 to 39,Female,Turkey,Current,1
2786,2020,From 30 to 39,Female,Thailand,Current,1
2787,2020,From 30 to 39,Female,Syria,Graduated,1
2789,2020,From 30 to 39,Female,Sudan,Completed,1
2790,2020,From 30 to 39,Female,Somalia,Graduated,1
2792,2018,From 30 to 39,Male,United Arab Emirates,Completed,1
3350,2018,From 30 to 39,Male,Somalia,Current,1
3351,2017,From 40 to 49,Male,Unknown,Graduated,1
3354,2017,From 40 to 49,Male,Sudan,Current,1
3356,2017,From 40 to 49,Male,Syria,Completed,1
3358,2017,From 40 to 49,Male,Yemen,Current,1
3359,2017,From 50 to 59,Male,Saudi Arabia,Completed,1
3360,2017,From 50 to 59,Female,Pakistan,Completed,1
3361,2017,From 50 to 59,Female,Saudi Arabia,Aborted,1
3363,2017,From 50 to 59,Male,Egypt,Graduated,1
3364,2017,From 50 to 59,Male,India,Graduated,1
3365,2017,From 50 to 59,Male,Pakistan,Current,1
3367,2017,From 40 to 49,Male,Palestine,Completed,1
3369,2017,From 40 to 49,Male,Pakistan,Completed,1
3370,2017,From 40 to 49,Male,Oman,Graduated,1
3371,2017,From 40 to 49,Male,Oman,Completed,1
3372,2017,From 40 to 49,Male,Mauritania,Graduated,1
3373,2017,From 40 to 49,Male,Kuwait,Unknown,1
3375,2017,From 40 to 49,Male,Kuwait,Completed,1
3377,2017,From 40 to 49,Male,Iraq,Graduated,1
3378,2017,From 40 to 49,Male,India,Graduated,1
3379,2017,From 40 to 49,Male,India,Completed,1
3381,2017,From 40 to 49,Male,Bahrain,Completed,1
3382,2017,From 40 to 49,Male,Bahrain,Aborted,1
3383,2017,From 50 to 59,Male,Pakistan,Graduated,1
3384,2017,From 50 to 59,Male,Saudi Arabia,Graduated,1
3385,2017,Unknown,Female,Somalia,Completed,1
3386,2017,Unknown,Female,Morocco,Graduated,1
3387,2017,Unknown,Female,Iraq,Current,1
3388,2017,Unknown,Female,Jordan,Aborted,1
3390,2017,Unknown,Female,Kuwait,Completed,1
3391,2017,Unknown,Female,Kuwait,Graduated,1
3392,2017,Unknown,Female,Lebanon,Current,1
3393,2017,Unknown,Female,Oman,Completed,1
3394,2017,From 50 to 59,Male,Sudan,Completed,1
3395,2017,Unknown,Female,Oman,Graduated,1
3398,2017,Unknown,Female,Russia,Graduated,1
3401,2017,Unknown,Female,Iraq,Completed,1
3402,2017,Unknown,Female,India,Current,1
3403,2017,Unknown,Female,France,Current,1
3406,2017,Unknown,Female,Egypt,Aborted,1
3407,2017,Unknown,Female,Djibouti,Current,1
3408,2017,Unknown,Female,Bangladesh,Completed,1
3411,2017,Unknown,Female,Algeria,Graduated,1
3412,2017,Less Than 20,Male,Saudi Arabia,Completed,1
3414,2017,From 60 to 69,Male,Syria,Graduated,1
3415,2017,From 60 to 69,Female,Sudan,Current,1
3416,2017,From 60 to 69,Female,Saudi Arabia,Graduated,1
3417,2017,From 50 to 59,Male,Syria,Graduated,1
3418,2017,From 40 to 49,Female,United States,Aborted,1
3419,2017,From 40 to 49,Female,United Kingdom,Graduated,1
3420,2017,From 40 to 49,Female,United Arab Emirates,Graduated,1
3421,2017,From 30 to 39,Male,Kuwait,Aborted,1
3422,2017,From 30 to 39,Male,India,Completed,1
3423,2017,From 30 to 39,Male,India,Current,1
3424,2017,From 30 to 39,Male,Iraq,Aborted,1
3425,2017,From 30 to 39,Male,Iraq,Current,1
3426,2017,From 30 to 39,Male,Jordan,Completed,1
3427,2017,From 30 to 39,Male,Jordan,Current,1
3428,2017,From 30 to 39,Male,Lebanon,Graduated,1
3430,2017,From 30 to 39,Male,Nigeria,Current,1
3436,2017,From 30 to 39,Male,Immigrant Tribes,Current,1
3437,2017,From 30 to 39,Male,Eritrea,Current,1
3439,2017,From 30 to 39,Male,Egypt,Completed,1
3440,2017,From 30 to 39,Male,Canada,Aborted,1
3441,2017,From 30 to 39,Male,Bangladesh,Current,1
3442,2017,From 30 to 39,Male,Bahrain,Graduated,1
3443,2017,From 30 to 39,Male,Bahrain,Completed,1
3444,2017,From 30 to 39,Male,Bahrain,Aborted,1
3446,2017,From 30 to 39,Female,Yemen,Completed,1
3447,2017,From 30 to 39,Female,United States,Graduated,1
3449,2017,From 30 to 39,Female,United Arab Emirates,Current,1
3450,2017,From 30 to 39,Female,United Arab Emirates,Completed,1
3451,2017,From 30 to 39,Female,Syria,Graduated,1
3454,2017,From 30 to 39,Male,Somalia,Current,1
3455,2017,From 30 to 39,Male,Sudan,Aborted,1
3456,2017,From 40 to 49,Female,Iraq,Completed,1
3457,2017,From 40 to 49,Female,Somalia,Graduated,1
3458,2017,From 40 to 49,Female,Saudi Arabia,Unknown,1
3461,2017,From 40 to 49,Female,Palestine,Graduated,1
3462,2017,From 40 to 49,Female,Palestine,Completed,1
3463,2017,From 40 to 49,Female,Pakistan,Graduated,1
3464,2017,From 40 to 49,Female,Pakistan,Current,1
3465,2017,From 40 to 49,Female,Pakistan,Completed,1
3466,2017,From 40 to 49,Female,Oman,Completed,1
3467,2017,From 40 to 49,Female,Kuwait,Graduated,1
3468,2017,From 40 to 49,Female,Jordan,Graduated,1
3469,2017,From 40 to 49,Female,Jordan,Current,1
3470,2017,From 40 to 49,Female,Iraq,Graduated,1
3471,2017,From 40 to 49,Female,Indonesia,Graduated,1
3473,2017,From 40 to 49,Female,India,Completed,1
3474,2017,From 40 to 49,Female,Bahrain,Graduated,1
3475,2017,From 40 to 49,Female,Bahrain,Completed,1
3476,2017,From 40 to 49,Female,Azerbaijan,Graduated,1
3480,2017,From 30 to 39,Male,United Kingdom,Graduated,1
3481,2017,From 30 to 39,Male,United Kingdom,Current,1
3482,2017,From 30 to 39,Male,United Arab Emirates,Graduated,1
3483,2017,From 30 to 39,Male,United Arab Emirates,Current,1
3484,2017,From 30 to 39,Male,United Arab Emirates,Completed,1
3485,2017,From 30 to 39,Male,Tunisia,Current,1
3488,2017,Unknown,Female,Sudan,Aborted,1
3489,2017,From 30 to 39,Female,Sudan,Aborted,1
3490,2018,From 30 to 39,Female,Kuwait,Current,1
3492,2018,From 30 to 39,Female,Canada,Current,1
3493,2018,From 30 to 39,Female,China,Completed,1
3494,2018,From 30 to 39,Female,Egypt,Current,1
3495,2018,From 30 to 39,Female,India,Completed,1
3496,2018,From 30 to 39,Female,Kuwait,Completed,1
3497,2018,From 30 to 39,Female,Lebanon,Current,1
3499,2018,From 30 to 39,Female,Lebanon,Graduated,1
3500,2018,From 30 to 39,Female,Mauritania,Graduated,1
3507,2018,From 20 to 29,Male,Syria,Graduated,1
3508,2018,From 20 to 29,Male,Syria,Current,1
3509,2018,From 20 to 29,Male,Sudan,Current,1
3510,2018,From 20 to 29,Male,Sudan,Completed,1
3515,2018,From 20 to 29,Male,Palestine,Graduated,1
3516,2018,From 20 to 29,Male,Mauritania,Current,1
3517,2018,From 20 to 29,Male,Kuwait,Current,1
3518,2018,From 20 to 29,Male,Jordan,Graduated,1
3519,2018,From 20 to 29,Male,Iraq,Current,1
3520,2018,From 20 to 29,Male,India,Current,1
3521,2018,From 20 to 29,Male,Immigrant Tribes,Current,1
3523,2018,From 30 to 39,Female,Somalia,Graduated,1
3526,2018,From 30 to 39,Male,Immigrant Tribes,Graduated,1
3527,2018,From 30 to 39,Male,India,Current,1
3528,2018,From 30 to 39,Male,Iraq,Aborted,1
3529,2018,From 30 to 39,Male,Iraq,Current,1
3530,2018,From 30 to 39,Male,Jordan,Completed,1
3531,2018,From 30 to 39,Male,Jordan,Current,1
3532,2018,From 30 to 39,Male,Lebanon,Graduated,1
3533,2018,From 30 to 39,Female,Sudan,Aborted,1
3534,2018,From 30 to 39,Male,Nigeria,Current,1
3536,2018,From 30 to 39,Male,Palestine,Current,1
3540,2018,From 30 to 39,Male,Immigrant Tribes,Current,1
3541,2018,From 30 to 39,Male,Eritrea,Current,1
3542,2018,From 30 to 39,Male,Egypt,Completed,1
3543,2018,From 30 to 39,Male,Canada,Aborted,1
3544,2018,From 30 to 39,Male,Bangladesh,Current,1
3545,2018,From 30 to 39,Male,Bahrain,Graduated,1
3546,2018,From 30 to 39,Male,Bahrain,Completed,1
3547,2018,From 30 to 39,Male,Bahrain,Aborted,1
3549,2018,From 30 to 39,Female,United States,Graduated,1
3550,2018,From 30 to 39,Female,United Kingdom,Graduated,1
3551,2018,From 30 to 39,Female,United Arab Emirates,Current,1
3552,2018,From 30 to 39,Female,United Arab Emirates,Completed,1
3553,2018,From 30 to 39,Female,Turkey,Current,1
3554,2018,From 30 to 39,Female,Thailand,Current,1
3555,2018,From 30 to 39,Female,Syria,Graduated,1
3557,2018,From 20 to 29,Male,Egypt,Current,1
3558,2018,From 20 to 29,Male,Belize,Current,1
3560,2017,Unknown,Male,Lebanon,Aborted,1
3561,2017,Unknown,Male,Jordan,Aborted,1
3562,2017,Unknown,Male,Jordan,Completed,1
3564,2017,Unknown,Male,Kuwait,Aborted,1
3565,2017,Unknown,Male,Kuwait,Current,1
3567,2017,Unknown,Male,Lebanon,Current,1
3568,2018,From 20 to 29,Male,Bahrain,Completed,1
3569,2017,Unknown,Male,Lebanon,Graduated,1
3570,2017,Unknown,Male,Malaysia,Completed,1
3571,2017,Unknown,Male,Mauritania,Graduated,1
3572,2017,Unknown,Male,Pakistan,Current,1
3574,2017,Unknown,Male,Palestine,Aborted,1
3575,2017,Unknown,Male,Indonesia,Current,1
3576,2017,Unknown,Male,India,Current,1
3577,2017,Unknown,Male,India,Completed,1
3578,2017,Unknown,Male,Immigrant Tribes,Current,1
3581,2017,Unknown,Male,Egypt,Aborted,1
3583,2017,Unknown,Male,Bahrain,Completed,1
3584,2017,Unknown,Male,Afghanistan,Graduated,1
3585,2017,Unknown,Male,Afghanistan,Current,1
3586,2017,Unknown,Female,Yemen,Unknown,1
3589,2017,Unknown,Female,United Arab Emirates,Graduated,1
3590,2017,Unknown,Female,Turkmenistan,Current,1
3595,2018,From 20 to 29,Female,Pakistan,Aborted,1
3596,2018,From 20 to 29,Male,Algeria,Current,1
3597,2018,From 20 to 29,Female,Yemen,Graduated,1
3599,2018,From 20 to 29,Female,United Arab Emirates,Completed,1
3600,2018,From 20 to 29,Female,United Arab Emirates,Aborted,1
3601,2018,From 20 to 29,Female,Turkestan,Current,1
3602,2018,From 20 to 29,Female,Tunisia,Current,1
3603,2018,From 20 to 29,Female,Syria,Current,1
3604,2018,From 20 to 29,Female,Syria,Aborted,1
3607,2018,From 20 to 29,Female,Palestine,Graduated,1
3608,2018,From 20 to 29,Female,Pakistan,Current,1
3609,2018,From 20 to 29,Female,Pakistan,Completed,1
3610,2018,From 20 to 29,Female,Oman,Aborted,1
3612,2018,From 20 to 29,Female,Jordan,Graduated,1
3613,2018,From 20 to 29,Female,Ethiopia,Current,1
3614,2018,From 20 to 29,Female,Egypt,Graduated,1
3616,2018,From 20 to 29,Female,Egypt,Aborted,1
3617,2018,From 20 to 29,Female,Belgium,Graduated,1
3620,2017,Unknown,Male,United Kingdom,Graduated,1
3621,2017,Unknown,Male,Syria,Aborted,1
3622,2017,Unknown,Male,Sudan,Unknown,1
3624,2017,Unknown,Male,Somalia,Graduated,1
3630,2016,From 30 to 39,Male,India,Current,1
3631,2016,From 30 to 39,Male,Iraq,Aborted,1
3632,2016,From 30 to 39,Male,Iraq,Current,1
3633,2016,From 30 to 39,Male,Jordan,Completed,1
3634,2016,From 30 to 39,Male,Jordan,Current,1
3635,2016,From 30 to 39,Male,Jordan,Graduated,1
3636,2016,From 30 to 39,Male,Lebanon,Graduated,1
3637,2016,From 30 to 39,Male,Somalia,Current,1
3638,2016,From 30 to 39,Male,Nigeria,Current,1
3644,2016,From 30 to 39,Male,Eritrea,Current,1
3646,2016,From 30 to 39,Male,Egypt,Completed,1
3647,2016,From 30 to 39,Male,Bangladesh,Current,1
3648,2016,From 30 to 39,Male,Bahrain,Graduated,1
3649,2016,From 30 to 39,Male,Bahrain,Current,1
3650,2016,From 30 to 39,Male,Bahrain,Completed,1
3651,2016,From 30 to 39,Male,Bahrain,Aborted,1
3654,2016,From 30 to 39,Female,Yemen,Completed,1
3655,2016,From 30 to 39,Female,United States,Graduated,1
3657,2016,From 30 to 39,Female,United Arab Emirates,Current,1
3658,2016,From 30 to 39,Female,United Arab Emirates,Completed,1
3661,2016,From 30 to 39,Male,Saudi Arabia,Unknown,1
3662,2016,From 30 to 39,Male,Sudan,Aborted,1
3664,2016,From 40 to 49,Female,Saudi Arabia,Unknown,1
3665,2016,From 40 to 49,Female,Pakistan,Graduated,1
3666,2016,From 40 to 49,Female,Palestine,Completed,1
3667,2016,From 40 to 49,Female,Palestine,Graduated,1
3671,2016,From 40 to 49,Female,Somalia,Graduated,1
3674,2016,From 40 to 49,Female,United States,Aborted,1
3675,2016,From 40 to 49,Female,Yemen,Current,1
3676,2016,From 40 to 49,Male,Bahrain,Aborted,1
3678,2016,From 40 to 49,Male,India,Completed,1
3679,2016,From 40 to 49,Female,Pakistan,Current,1
3680,2016,From 40 to 49,Female,Pakistan,Completed,1
3681,2016,From 40 to 49,Female,Oman,Completed,1
3682,2016,From 40 to 49,Female,Kuwait,Graduated,1
3683,2016,From 40 to 49,Female,Jordan,Graduated,1
3684,2016,From 40 to 49,Female,Jordan,Current,1
3685,2016,From 40 to 49,Female,Iraq,Graduated,1
3686,2016,From 40 to 49,Female,Indonesia,Graduated,1
3687,2016,From 40 to 49,Female,Egypt,Completed,1
3688,2016,From 40 to 49,Female,Bahrain,Graduated,1
3689,2016,From 40 to 49,Female,Bahrain,Current,1
3690,2016,From 40 to 49,Female,Bahrain,Completed,1
3691,2016,From 30 to 39,Male,United Kingdom,Graduated,1
3692,2016,From 30 to 39,Male,United Arab Emirates,Completed,1
3693,2016,From 30 to 39,Male,Tunisia,Current,1
3711,2016,From 20 to 29,Female,Belgium,Graduated,1
3712,2016,From 20 to 29,Female,Egypt,Graduated,1
3713,2016,From 20 to 29,Female,India,Current,1
3731,2016,From 20 to 29,Female,Jordan,Graduated,1
3732,2016,From 20 to 29,Female,Pakistan,Completed,1
3733,2016,From 20 to 29,Female,Palestine,Graduated,1
3734,2016,From 30 to 39,Female,Bahrain,Completed,1
3736,2016,From 30 to 39,Female,Pakistan,Current,1
3737,2016,From 30 to 39,Female,Pakistan,Aborted,1
3738,2016,From 30 to 39,Female,Mauritania,Graduated,1
3739,2016,From 30 to 39,Female,Lebanon,Graduated,1
3740,2016,From 30 to 39,Female,Jordan,Current,1
3741,2016,From 30 to 39,Female,India,Current,1
3742,2016,From 30 to 39,Female,India,Completed,1
3743,2016,From 30 to 39,Female,Eritrea,Graduated,1
3745,2016,From 30 to 39,Female,Egypt,Current,1
3746,2016,From 30 to 39,Female,Egypt,Completed,1
3747,2016,From 30 to 39,Female,China,Completed,1
3748,2016,From 30 to 39,Female,Bahrain,Current,1
3749,2016,From 30 to 39,Female,Bahrain,Aborted,1
3751,2016,From 20 to 29,Male,Syria,Graduated,1
3752,2016,From 20 to 29,Male,Syria,Current,1
3753,2016,From 20 to 29,Male,Sudan,Graduated,1
3754,2016,From 20 to 29,Male,Sudan,Completed,1
3759,2016,From 20 to 29,Male,Mauritania,Current,1
3760,2016,From 20 to 29,Male,Jordan,Graduated,1
3761,2016,From 20 to 29,Male,Egypt,Aborted,1
3762,2016,From 20 to 29,Male,Bahrain,Completed,1
3765,2016,From 40 to 49,Male,Iraq,Graduated,1
3766,2016,From 40 to 49,Male,Kuwait,Completed,1
3771,2016,Unknown,Male,United Kingdom,Graduated,1
3772,2016,Unknown,Male,Unknown,Completed,1
3773,2016,Unknown,Male,Yemen,Aborted,1
3775,2017,From 20 to 29,Female,Bangladesh,Current,1
3777,2017,From 20 to 29,Female,Belgium,Graduated,1
3778,2017,From 20 to 29,Female,Egypt,Current,1
3779,2017,From 20 to 29,Female,Egypt,Graduated,1
3780,2017,From 20 to 29,Female,India,Current,1
3781,2017,From 20 to 29,Female,Jordan,Graduated,1
3782,2017,From 20 to 29,Female,Pakistan,Completed,1
3783,2016,Unknown,Male,Sudan,Unknown,1
3788,2016,Unknown,Male,Somalia,Graduated,1
3796,2016,Unknown,Male,Palestine,Aborted,1
3798,2016,Unknown,Male,Oman,Graduated,1
3799,2016,Unknown,Male,Oman,Completed,1
3800,2017,From 20 to 29,Female,Palestine,Graduated,1
3802,2016,From 40 to 49,Male,Mauritania,Graduated,1
3803,2017,From 30 to 39,Female,India,Current,1
3804,2017,From 30 to 39,Female,Bahrain,Aborted,1
3806,2017,From 30 to 39,Female,China,Completed,1
3807,2017,From 30 to 39,Female,Egypt,Current,1
3809,2017,From 30 to 39,Female,India,Completed,1
3810,2017,From 30 to 39,Female,Jordan,Current,1
3811,2017,From 20 to 29,Female,United Arab Emirates,Aborted,1
3812,2017,From 30 to 39,Female,Jordan,Graduated,1
3813,2017,From 30 to 39,Female,Kuwait,Completed,1
3814,2017,From 30 to 39,Female,Kuwait,Current,1
3815,2017,From 30 to 39,Female,Lebanon,Graduated,1
3816,2017,From 30 to 39,Female,Mauritania,Graduated,1
3818,2017,From 20 to 29,Male,Syria,Graduated,1
3819,2017,From 20 to 29,Male,Syria,Current,1
3820,2017,From 20 to 29,Male,Syria,Aborted,1
3821,2017,From 20 to 29,Male,Sudan,Graduated,1
3822,2017,From 20 to 29,Male,Sudan,Completed,1
3826,2017,From 20 to 29,Male,Palestine,Graduated,1
3827,2017,From 20 to 29,Male,Mauritania,Current,1
3828,2017,From 20 to 29,Male,Jordan,Graduated,1
3829,2017,From 20 to 29,Male,Bahrain,Completed,1
3830,2017,From 20 to 29,Male,Bahrain,Aborted,1
3831,2017,From 20 to 29,Female,Yemen,Graduated,1
3833,2017,From 20 to 29,Female,United Arab Emirates,Current,1
3834,2017,From 20 to 29,Female,United Arab Emirates,Completed,1
3835,2016,Unknown,Male,Mauritania,Graduated,1
3836,2016,Unknown,Male,Lebanon,Current,1
3839,2016,Less Than 20,Male,Saudi Arabia,Aborted,1
3840,2016,Unknown,Female,Bahrain,Completed,1
3841,2016,Unknown,Female,Bahrain,Current,1
3842,2016,Unknown,Female,Bangladesh,Completed,1
3843,2016,Unknown,Female,Canada,Aborted,1
3844,2016,Unknown,Female,Egypt,Completed,1
3845,2016,Unknown,Female,Eritrea,Aborted,1
3847,2016,Unknown,Female,France,Current,1
3848,2016,Unknown,Female,Indonesia,Graduated,1
3849,2016,Unknown,Female,Iraq,Completed,1
3850,2016,Unknown,Female,Iraq,Current,1
3851,2016,Unknown,Female,Iraq,Graduated,1
3852,2016,Unknown,Female,Jordan,Aborted,1
3853,2016,From 60 to 69,Male,Syria,Graduated,1
3854,2016,From 60 to 69,Male,Saudi Arabia,Completed,1
3855,2016,From 60 to 69,Male,Egypt,Graduated,1
3856,2016,From 60 to 69,Female,Sudan,Current,1
3857,2016,From 50 to 59,Male,Yemen,Graduated,1
3858,2016,From 50 to 59,Male,Saudi Arabia,Current,1
3859,2016,From 50 to 59,Male,Saudi Arabia,Completed,1
3860,2016,From 50 to 59,Female,Saudi Arabia,Aborted,1
3861,2016,From 40 to 49,Male,Syria,Graduated,1
3862,2016,From 40 to 49,Male,Syria,Completed,1
3863,2016,From 40 to 49,Male,Sudan,Current,1
3867,2016,From 40 to 49,Male,Pakistan,Completed,1
3868,2016,From 40 to 49,Male,Oman,Graduated,1
3869,2016,From 40 to 49,Male,Oman,Completed,1
3870,2016,Unknown,Female,Jordan,Current,1
3872,2016,Unknown,Female,Kuwait,Aborted,1
3874,2016,Unknown,Male,Immigrant Tribes,Graduated,1
3878,2016,Unknown,Male,Bangladesh,Completed,1
3879,2016,Unknown,Male,Bahrain,Completed,1
3880,2016,Unknown,Male,Algeria,Graduated,1
3882,2016,Unknown,Female,Unknown,Completed,1
3883,2016,Unknown,Female,United Kingdom,Completed,1
3884,2016,Unknown,Female,United Arab Emirates,Completed,1
3885,2016,Unknown,Female,Turkey,Current,1
3888,2016,Unknown,Female,Somalia,Completed,1
3889,2016,Unknown,Female,Kuwait,Completed,1
3893,2016,Unknown,Female,Russia,Graduated,1
3894,2016,Unknown,Female,Qatar,Graduated,1
3895,2016,Unknown,Female,Palestine,Current,1
3897,2016,Unknown,Female,Oman,Graduated,1
3898,2016,Unknown,Female,Oman,Completed,1
3899,2016,Unknown,Female,Nigeria,Aborted,1
3900,2016,Unknown,Female,Lebanon,Graduated,1
3901,2016,Unknown,Female,Lebanon,Current,1
3902,2016,Unknown,Female,Lebanon,Completed,1
3903,2016,Unknown,Female,Kyrgyzstan,Completed,1
