,Academic_Year,Current_Medical_Field_En,Work_Name_En,Number_of_Trainees
0,2020,Medicine and Surgery,Ministry of Health,6377
1,2021,Medicine and Surgery,Ministry of Health,6330
2,2019,Medicine and Surgery,Ministry of Health,6165
3,2018,Medicine and Surgery,Ministry of Health,5948
4,2021,Medicine and Surgery,Unknown,5574
5,2017,Medicine and Surgery,Ministry of Health,4557
6,2020,Medicine and Surgery,Unknown,3992
7,2016,Medicine and Surgery,Ministry of Health,3634
11,2019,Medicine and Surgery,Unknown,2338
14,2017,Medicine and Surgery,تعاقد شخصي,1768
15,2018,Medicine and Surgery,تعاقد شخصي,1610
17,2016,Medicine and Surgery,تعاقد شخصي,1418
18,2022,Medicine and Surgery,تعاقد شخصي,1350
19,2019,Medicine and Surgery,تعاقد شخصي,1349
23,2020,Medicine and Surgery,تعاقد شخصي,828
25,2018,Medicine and Surgery,Unknown,714
26,2021,Medicine and Surgery,تعاقد شخصي,610
27,2020,Medicine and Surgery,Ministry of National Guard,603
29,2017,Medicine and Surgery,وزارة الدفاع - تشغيل ذاتي,579
30,2019,Medicine and Surgery,Ministry of National Guard,567
31,2018,Medicine and Surgery,وزارة الدفاع - تشغيل ذاتي,556
32,2019,Medicine and Surgery,وزارة الدفاع - تشغيل ذاتي,535
33,2021,Dentistry and Related Specialties,Ministry of Health,527
36,2021,Medicine and Surgery,Ministry of National Guard,498
37,2018,Medicine and Surgery,Ministry of National Guard,488
38,2020,Medicine and Surgery,وزارة الدفاع - تشغيل ذاتي,477
41,2018,Medicine and Surgery,وزارة الدفاع - خدمات طبيه,459
42,2019,Medicine and Surgery,وزارة الدفاع - خدمات طبيه,459
43,2017,Medicine and Surgery,وزارة الدفاع - خدمات طبيه,448
44,2016,Medicine and Surgery,وزارة الدفاع - تشغيل ذاتي,440
45,2017,Medicine and Surgery,Ministry of National Guard,438
46,2022,Medicine and Surgery,Ministry of Health,421
47,2020,Medicine and Surgery,وزارة الدفاع - خدمات طبيه,411
48,2016,Medicine and Surgery,وزارة الدفاع - خدمات طبيه,398
51,2020,Dentistry and Related Specialties,Ministry of Health,387
52,2017,Medicine and Surgery,King Faisal Specialist Hospital & Research Centre,360
54,2019,Dentistry and Related Specialties,Ministry of Health,349
55,2021,Medicine and Surgery,وزارة الدفاع - خدمات طبيه,347
57,2017,Medicine and Surgery,جامعة الملك سعود بالرياض,328
58,2021,Medicine and Surgery,وزارة الدفاع - تشغيل ذاتي,327
59,2021,Nursing and Midwifery,Ministry of Health,316
61,2016,Medicine and Surgery,King Faisal Specialist Hospital & Research Centre,314
62,2018,Medicine and Surgery,King Faisal Specialist Hospital & Research Centre,313
63,2016,Medicine and Surgery,جامعة الملك سعود بالرياض,309
65,2020,Nursing and Midwifery,Ministry of Health,307
70,2018,Dentistry and Related Specialties,Ministry of Health,291
72,2016,Medicine and Surgery,مستشفى الملك فهد للحرس الوطني,288
73,2017,Medicine and Surgery,Unknown,285
74,2018,Medicine and Surgery,جامعة الملك سعود بالرياض,283
76,2021,Medicine and Surgery,King Abdulaziz Medical City for National Guard in Riyadh,278
79,2021,Dentistry and Related Specialties,Unknown,272
81,2017,Dentistry and Related Specialties,Ministry of Health,270
86,2020,Medicine and Surgery,King Abdulaziz Medical City for National Guard in Riyadh,257
90,2017,Medicine and Surgery,جامعة الملك عبد العزيز جدة,251
91,2019,Medicine and Surgery,جامعة الملك عبد العزيز جدة,249
93,2019,Medicine and Surgery,King Faisal Specialist Hospital & Research Centre,248
94,2019,Medicine and Surgery,جامعة الملك سعود بالرياض,248
95,2021,Medicine and Surgery,جامعة الملك عبد العزيز جدة,247
97,2020,Medicine and Surgery,جامعة الملك عبد العزيز جدة,244
98,2016,Medicine and Surgery,Ministry of National Guard,243
99,2018,Medicine and Surgery,جامعة الملك عبد العزيز جدة,239
100,2016,Dentistry and Related Specialties,Ministry of Health,239
103,2016,Medicine and Surgery,جامعة الملك عبد العزيز جدة,233
107,2016,Medicine and Surgery,King Fahad Medical City in Riyadh,226
112,2017,Medicine and Surgery,مستشفى الملك فهد للحرس الوطني,222
113,2020,Dentistry and Related Specialties,Unknown,218
114,2020,Medicine and Surgery,King Faisal Specialist Hospital & Research Centre,216
122,2019,Medicine and Surgery,King Abdulaziz Medical City for National Guard in Riyadh,208
125,2021,Medicine and Surgery,"King Abdulaziz Medical City for National Guard, Jeddah",198
129,2020,Medicine and Surgery,"King Abdulaziz Medical City for National Guard, Jeddah",191
132,2020,Medicine and Surgery,جامعة الملك سعود بالرياض,190
135,2017,Medicine and Surgery,King Fahad Medical City in Riyadh,184
138,2019,Nursing and Midwifery,Ministry of Health,181
144,2016,Medicine and Surgery,مستشفى الملك خالد للحرس الوطني,170
151,2018,Medicine and Surgery,مستشفى الملك فهد للحرس الوطني,163
152,2021,Medicine and Surgery,King Faisal Specialist Hospital & Research Centre,162
162,2019,Medicine and Surgery,"King Abdulaziz Medical City for National Guard, Jeddah",145
164,2018,Nursing and Midwifery,Ministry of Health,144
168,2016,Medicine and Surgery,Security Forces Hospital - Riyadh,141
171,2018,Medicine and Surgery,King Abdulaziz Medical City for National Guard in Riyadh,138
173,2017,Medicine and Surgery,مستشفى الملك خالد للحرس الوطني,136
186,2016,Medicine and Surgery,Imam Abdul Rahman Bin Faisal University,128
187,2017,Nursing and Midwifery,Ministry of Health,127
190,2018,Medicine and Surgery,King Fahad Medical City in Riyadh,126
199,2018,Nursing and Midwifery,Unknown,117
201,2016,Medicine and Surgery,"King Fahad Specialist Hospital, Damam",115
203,2021,Medicine and Surgery,جامعة الملك سعود بالرياض,115
206,2019,Medicine and Surgery,Ministry of Interior,114
207,2019,Dentistry and Related Specialties,Unknown,112
210,2019,Nursing and Midwifery,Unknown,109
212,2020,Medicine and Surgery,Ministry of Interior,107
213,2017,Medicine and Surgery,Security Forces Hospital - Riyadh,107
215,2018,Medicine and Surgery,Ministry of Interior,105
219,2017,Medicine and Surgery,Imam Abdul Rahman Bin Faisal University,102
220,2018,Medicine and Surgery,Security Forces Hospital - Riyadh,102
223,2018,Medicine and Surgery,"King Abdulaziz Medical City for National Guard, Jeddah",97
230,2019,Medicine and Surgery,مستشفى الملك فهد للحرس الوطني,94
231,2021,Medicine and Surgery,King Saud Medical City in Riyadh,93
234,2017,Medicine and Surgery,"King Fahad Specialist Hospital, Damam",90
235,2018,Medicine and Surgery,مستشفى الملك خالد للحرس الوطني,88
236,2021,Medicine and Surgery,Ministry of Interior,88
237,2021,Medicine and Surgery,Ministry of Defense,87
243,2016,Medicine and Surgery,"King Faisal Specialist Hospital & Research Centre, Jeddah",85
254,2017,Medicine and Surgery,Prince Mohammed Bin Abdulaziz Hospital,79
256,2021,Laboratories and Medical Technology,Ministry of Health,78
260,2017,Medicine and Surgery,Ministry of Interior,75
262,2018,Medicine and Surgery,جامعة الملك خالد,75
263,2016,Medicine and Surgery,جامعة الملك خالد,75
264,2018,Medicine and Surgery,Prince Mohammed Bin Abdulaziz Hospital,74
265,2019,Medicine and Surgery,Security Forces Hospital - Riyadh,74
266,2016,Medicine and Surgery,"King Abdulaziz Hospital for National Guards, Al Hassa",74
269,2017,Medicine and Surgery,جامعة الملك خالد,73
271,2016,Medicine and Surgery,Prince Mohammed Bin Abdulaziz Hospital,72
273,2018,Medicine and Surgery,Imam Abdul Rahman Bin Faisal University,71
275,2016,Medicine and Surgery,King Abdullah Medical City in Mecca,70
277,2017,Medicine and Surgery,"King Faisal Specialist Hospital & Research Centre, Jeddah",69
280,2017,Medicine and Surgery,"King Abdulaziz Hospital for National Guards, Al Hassa",68
281,2018,Medicine and Surgery,"King Fahad Specialist Hospital, Damam",68
287,2019,Medicine and Surgery,King Fahad Medical City in Riyadh,67
289,2018,Medicine and Surgery,"King Faisal Specialist Hospital & Research Centre, Jeddah",65
291,2021,Nursing and Midwifery,Unknown,65
295,2020,Laboratories and Medical Technology,Ministry of Health,64
296,2020,Medicine and Surgery,King Saud Medical City in Riyadh,64
300,2019,Medicine and Surgery,Prince Mohammed Bin Abdulaziz Hospital,64
301,2016,Medicine and Surgery,جامعة القصيم,63
305,2019,Medicine and Surgery,جامعة الملك خالد,62
306,2016,Medicine and Surgery,Unknown,62
310,2021,Medicine and Surgery,"King Faisal Specialist Hospital & Research Centre, Jeddah",61
312,2019,Medicine and Surgery,"King Faisal Specialist Hospital & Research Centre, Jeddah",60
319,2021,Medicine and Surgery,King Fahad Medical City in Riyadh,58
321,2020,Medicine and Surgery,Prince Mohammed Bin Abdulaziz Hospital,57
326,2020,Medicine and Surgery,هيئة الصحة بدبي,56
327,2017,Medicine and Surgery,King Abdullah Medical City in Mecca,56
330,2019,Medicine and Surgery,Imam Abdul Rahman Bin Faisal University,56
331,2018,Medicine and Surgery,هيئة الصحة بدبي,56
332,2021,Medicine and Surgery,International Medical Center,55
337,2020,Medicine and Surgery,Ministry of Defense,55
338,2019,Medicine and Surgery,قطاع خاص,54
343,2020,Medicine and Surgery,King Fahad Medical City in Riyadh,54
347,2017,Medicine and Surgery,King Abdulaziz Medical City for National Guard in Riyadh,53
348,2021,Medicine and Surgery,هيئة الصحة بدبي,53
349,2022,Medicine and Surgery,Ministry of National Guard,52
350,2017,Medicine and Surgery,جامعة القصيم,52
353,2021,Medicine and Surgery,"Al Noor Specialist Hospital, Mecca",52
356,2020,Medicine and Surgery,"King Faisal Specialist Hospital & Research Centre, Jeddah",52
358,2018,Medicine and Surgery,"King Abdulaziz Hospital for National Guards, Al Hassa",51
359,2019,Medicine and Surgery,هيئة الصحة بدبي,51
363,2018,Dentistry and Related Specialties,Unknown,50
364,2019,Laboratories and Medical Technology,Ministry of Health,50
366,2016,Medicine and Surgery,King Abdulaziz Medical City for National Guard in Riyadh,50
367,2016,Medicine and Surgery,مستشفى القوات االمسلحة (برنامج),49
369,2021,Pharmacists and Pharmacy Technicians,Unknown,49
370,2016,Dentistry and Related Specialties,وزارة الدفاع - خدمات طبيه,49
371,2019,Medicine and Surgery,Ministry of Defense,49
372,2022,Dentistry and Related Specialties,Ministry of Health,49
375,2016,Medicine and Surgery,قطاع خاص,49
376,2018,Medicine and Surgery,Ministry of Defense,48
377,2017,Medicine and Surgery,قطاع خاص,48
379,2020,Nursing and Midwifery,Unknown,48
382,2020,Medicine and Surgery,جامعة الملك خالد,48
383,2021,Medicine and Surgery,مستشفى القوات االمسلحة (برنامج),48
385,2019,Medicine and Surgery,مستشفى الملك خالد للحرس الوطني,47
389,2020,Medicine and Surgery,Imam Abdul Rahman Bin Faisal University,46
391,2018,Medicine and Surgery,قطاع خاص,46
392,2016,Medicine and Surgery,King Faisal Medical City for Southern Regions,46
396,2020,Medicine and Surgery,International Medical Center,45
402,2017,Dentistry and Related Specialties,وزارة الدفاع - خدمات طبيه,44
403,2021,Medicine and Surgery,Prince Mohammed Bin Abdulaziz Hospital,43
406,2019,Medicine and Surgery,International Medical Center,43
409,2021,Pharmacists and Pharmacy Technicians,Ministry of Health,42
410,2019,Medicine and Surgery,King Saud Medical City in Riyadh,42
411,2018,Dentistry and Related Specialties,وزارة الدفاع - خدمات طبيه,41
412,2020,Medicine and Surgery,مستشفى الملك فهد للحرس الوطني,41
413,2020,Pharmacists and Pharmacy Technicians,Unknown,41
415,2016,Medicine and Surgery,مستشفى القوات المسلحة (الخدمات الطبية),41
418,2017,Medicine and Surgery,هيئة الصحة بدبي,40
420,2016,Dentistry and Related Specialties,تعاقد شخصي,40
421,2018,Medicine and Surgery,King Saud Medical City in Riyadh,40
425,2018,Medicine and Surgery,King Abdullah Medical City in Mecca,39
429,2020,Medicine and Surgery,Security Forces Hospital - Riyadh,39
431,2017,Medicine and Surgery,"King Abdulaziz Medical City for National Guard, Jeddah",38
432,2021,Dentistry and Related Specialties,King Abdulaziz Medical City for National Guard in Riyadh,38
433,2017,Dentistry and Related Specialties,تعاقد شخصي,38
434,2021,Medicine and Surgery,Dr. Soliman Fakeeh Hospital,38
435,2017,Medicine and Surgery,مستشفى القوات المسلحة (الخدمات الطبية),38
436,2018,Medicine and Surgery,International Medical Center,38
440,2018,Medicine and Surgery,"Prince Mohammad Bin Abdulaziz Hospital, Riyadh",37
442,2016,Medicine and Surgery,"Prince Mohammad Bin Abdulaziz Hospital, Riyadh",37
443,2021,Medicine and Surgery,جامعة الملك خالد,37
444,2018,Laboratories and Medical Technology,Ministry of Health,37
445,2019,Dentistry and Related Specialties,وزارة الدفاع - خدمات طبيه,37
446,2020,Dentistry and Related Specialties,Ministry of National Guard,37
447,2020,Medicine and Surgery,مستشفى القوات االمسلحة (برنامج),36
450,2017,Medicine and Surgery,King Faisal Medical City for Southern Regions,36
455,2017,Medicine and Surgery,Ministry of Defense,35
457,2020,Medicine and Surgery,قطاع خاص,35
458,2017,Laboratories and Medical Technology,Ministry of Health,35
459,2021,Nursing and Midwifery,King Saud Medical City in Riyadh,35
460,2020,Dentistry and Related Specialties,King Abdulaziz Medical City for National Guard in Riyadh,35
463,2020,Medicine and Surgery,Dr. Soliman Fakeeh Hospital,34
465,2018,Medicine and Surgery,مستشفى القوات المسلحة (الخدمات الطبية),34
466,2019,Dentistry and Related Specialties,Ministry of National Guard,33
467,2017,Medicine and Surgery,King Saud Medical City in Riyadh,33
470,2018,Dentistry and Related Specialties,وزارة الدفاع - تشغيل ذاتي,33
471,2019,Pharmacists and Pharmacy Technicians,Unknown,33
472,2018,Dentistry and Related Specialties,تعاقد شخصي,32
474,2019,Dentistry and Related Specialties,وزارة الدفاع - تشغيل ذاتي,32
476,2020,Nursing and Midwifery,King Saud Medical City in Riyadh,32
478,2017,Medicine and Surgery,International Medical Center,32
480,2021,Dentistry and Related Specialties,Ministry of National Guard,31
481,2021,Medicine and Surgery,مستشفى القوات المسلحة (الخدمات الطبية),31
482,2016,Medicine and Surgery,Ministry of Defense,31
483,2021,Medicine and Surgery,وزارة الدفاع / القوات البريه,31
486,2020,Dentistry and Related Specialties,وزارة الدفاع - تشغيل ذاتي,31
488,2017,Medicine and Surgery,مستشفى القوات االمسلحة (برنامج),31
489,2021,Medicine and Surgery,"king AbdulAziz Specialist Hospital, Taif",30
490,2017,Dentistry and Related Specialties,وزارة الدفاع - تشغيل ذاتي,30
491,2020,Dentistry and Related Specialties,وزارة الدفاع - خدمات طبيه,30
497,2021,Medicine and Surgery,مستشفى الملك حمد الجامعي,30
499,2018,Medicine and Surgery,جامعة القصيم,29
500,2017,Medicine and Surgery,"Prince Mohammad Bin Abdulaziz Hospital, Riyadh",29
502,2019,Medicine and Surgery,"King Fahad Specialist Hospital, Damam",29
503,2016,Medicine and Surgery,جامعة المجمعة,29
505,2020,Medicine and Surgery,"King Fahad Specialist Hospital, Damam",28
506,2021,Medicine and Surgery,Imam Abdul Rahman Bin Faisal University,28
508,2019,Medicine and Surgery,"King Abdulaziz Hospital for National Guards, Al Hassa",28
510,2016,Medicine and Surgery,"King Abdulaziz Medical City for National Guard, Jeddah",28
511,2016,Medicine and Surgery,مركز الأمير سلطان لمعالجة أمراض وجراحة القلب للقوات المسلحة,28
514,2019,Medicine and Surgery,مستشفى القوات االمسلحة (برنامج),28
515,2016,Medicine and Surgery,Ministry of Interior,28
518,2016,Medicine and Surgery,وزارة الصحة - الكويت,27
519,2016,Medicine and Surgery,King Saud Medical City in Riyadh,27
520,2020,Medicine and Surgery,مستشفى الملك حمد الجامعي,27
522,2020,Medicine and Surgery,"Al Noor Specialist Hospital, Mecca",27
523,2016,Laboratories and Medical Technology,Ministry of Health,27
525,2020,Medicine and Surgery,مستشفى القوات المسلحة (الخدمات الطبية),27
526,2019,Medicine and Surgery,وزارة الصحة - الكويت,27
527,2019,Medicine and Surgery,King Abdullah Medical City in Mecca,27
528,2017,Medicine and Surgery,جامعة المجمعة,27
529,2019,Medicine and Surgery,Dr. Soliman Fakeeh Hospital,27
530,2019,Medicine and Surgery,"Prince Mohammad Bin Abdulaziz Hospital, Riyadh",27
532,2021,Dentistry and Related Specialties,وزارة الدفاع - تشغيل ذاتي,26
535,2017,Pharmacists and Pharmacy Technicians,Ministry of National Guard,26
539,2016,Medicine and Surgery,هيئة الصحة بدبي,26
540,2022,Medicine and Surgery,Prince Mohammed Bin Abdulaziz Hospital,26
545,2021,Medicine and Surgery,Security Forces Hospital - Riyadh,25
546,2017,Medicine and Surgery,وزارة الصحة - الكويت,25
549,2016,Pharmacists and Pharmacy Technicians,Ministry of National Guard,25
552,2020,Medicine and Surgery,مستشفى الملك خالد للحرس الوطني,25
553,2018,Medicine and Surgery,مستشفى القوات االمسلحة (برنامج),25
555,2022,Medicine and Surgery,King Abdulaziz Medical City for National Guard in Riyadh,25
556,2019,Dentistry and Related Specialties,تعاقد شخصي,25
557,2019,Medicine and Surgery,جامعة القصيم,25
558,2020,Nursing and Midwifery,وزارة الدفاع - تشغيل ذاتي,25
559,2018,Medicine and Surgery,جامعة المجمعة,25
561,2016,Medicine and Surgery,International Medical Center,25
562,2019,Medicine and Surgery,مستشفى القوات المسلحة (الخدمات الطبية),24
564,2019,Pharmacists and Pharmacy Technicians,Ministry of Health,24
565,2017,Nursing and Midwifery,Unknown,24
566,2020,Medicine and Surgery,وزارة الدفاع / القوات البريه,24
567,2021,Dentistry and Related Specialties,وزارة الدفاع - خدمات طبيه,24
568,2022,Medicine and Surgery,King Faisal Specialist Hospital & Research Centre,24
572,2018,Pharmacists and Pharmacy Technicians,Ministry of National Guard,23
574,2018,Medicine and Surgery,وزارة الصحة - الكويت,23
575,2021,Medicine and Surgery,"King Fahad Specialist Hospital, Damam",23
579,2020,Pharmacists and Pharmacy Technicians,Ministry of Health,23
580,2019,Medicine and Surgery,جامعة المجمعة,23
583,2018,Medicine and Surgery,King Faisal Medical City for Southern Regions,22
588,2017,Medicine and Surgery,مركز الأمير سلطان لمعالجة أمراض وجراحة القلب للقوات المسلحة,22
589,2022,Medicine and Surgery,وزارة الدفاع - خدمات طبيه,22
592,2020,Medicine and Surgery,وزارة الصحة - الكويت,22
593,2020,Medicine and Surgery,Princess Nourah Bint Abdul Rahman University,22
594,2022,Medicine and Surgery,Ministry of Defense,22
595,2016,Medicine and Surgery,Al Jouf University,21
597,2020,Medicine and Surgery,جامعة المجمعة,21
598,2021,Pharmacists and Pharmacy Technicians,وزارة الدفاع - تشغيل ذاتي,21
600,2019,Medicine and Surgery,"Al Noor Specialist Hospital, Mecca",21
602,2022,Pharmacists and Pharmacy Technicians,Unknown,21
603,2021,Medicine and Surgery,"Prince Mohammad Bin Abdulaziz Hospital, Riyadh",21
607,2016,Medicine and Surgery,جامعة الملك فيصل بالاحساء,21
608,2017,Medicine and Surgery,Al Jouf University,20
611,2020,Medicine and Surgery,"Prince Mohammad Bin Abdulaziz Hospital, Riyadh",20
612,2021,Dentistry and Related Specialties,Ministry of Interior,20
613,2016,Dentistry and Related Specialties,مستشفى الملك خالد للحرس الوطني,20
616,2018,Medicine and Surgery,Dr. Soliman Fakeeh Hospital,20
620,2022,Medicine and Surgery,وزارة الدفاع - تشغيل ذاتي,19
621,2018,Dentistry and Related Specialties,Ministry of National Guard,19
623,2019,Medicine and Surgery,جامعة الملك فيصل بالاحساء,19
624,2021,Medicine and Surgery,Princess Nourah Bint Abdul Rahman University,19
627,2016,Medicine and Surgery,Dr. Soliman Fakeeh Hospital,19
630,2019,Nursing and Midwifery,وزارة الدفاع - تشغيل ذاتي,19
634,2019,Medicine and Surgery,وزارة الدفاع / القوات البريه,18
635,2022,Medicine and Surgery,King Fahad Medical City in Riyadh,18
637,2017,Dentistry and Related Specialties,Unknown,18
638,2022,Medicine and Surgery,Unknown,18
643,2020,Dentistry and Related Specialties,Ministry of Interior,18
644,2018,Pharmacists and Pharmacy Technicians,Ministry of Health,18
646,2019,Medicine and Surgery,مستشفى الملك حمد الجامعي,18
649,2019,Dentistry and Related Specialties,King Abdulaziz Medical City for National Guard in Riyadh,17
653,2017,Medicine and Surgery,Dr. Soliman Fakeeh Hospital,17
655,2018,Medicine and Surgery,جامعة الملك فيصل بالاحساء,17
657,2018,Pharmacists and Pharmacy Technicians,Unknown,17
658,2017,Medicine and Surgery,Ministry of Interior Medical Services,17
659,2019,Pharmacists and Pharmacy Technicians,Ministry of National Guard,17
663,2016,Medicine and Surgery,Ministry of Interior Medical Services,16
666,2020,Medicine and Surgery,"king AbdulAziz Specialist Hospital, Taif",16
672,2018,Medicine and Surgery,Princess Nourah Bint Abdul Rahman University,16
674,2016,Dentistry and Related Specialties,وزارة الدفاع - تشغيل ذاتي,16
676,2021,Medicine and Surgery,وزارة الدفاع / القوات الجويه,15
680,2017,Pharmacists and Pharmacy Technicians,Ministry of Health,15
681,2021,Medicine and Surgery,وزارة الصحة - الكويت,15
689,2022,Medicine and Surgery,"King Abdulaziz Medical City for National Guard, Jeddah",15
690,2017,Medicine and Surgery,جامعة نجران,15
692,2020,Pharmacists and Pharmacy Technicians,وزارة الدفاع - تشغيل ذاتي,15
695,2021,Nursing and Midwifery,وزارة الدفاع - تشغيل ذاتي,15
697,2021,Medicine and Surgery,جامعة المجمعة,15
698,2018,Medicine and Surgery,مركز الأمير سلطان لمعالجة أمراض وجراحة القلب للقوات المسلحة,15
704,2018,Medicine and Surgery,جامعة حائل,14
706,2018,Medicine and Surgery,King Khaled Eye Specialist Hospital,14
707,2019,Dentistry and Related Specialties,جامعة القصيم,14
709,2018,Medicine and Surgery,Al Jouf University,14
711,2018,Medicine and Surgery,"Al Noor Specialist Hospital, Mecca",14
712,2020,Medicine and Surgery,King Abdullah Medical City in Mecca,14
717,2019,Nursing and Midwifery,King Saud Medical City in Riyadh,14
718,2017,Medicine and Surgery,جامعة الملك فيصل بالاحساء,14
720,2016,Medicine and Surgery,جامعة الملك فيصل الدمام,14
721,2019,Medicine and Surgery,جامعة طيبة,14
722,2021,Medicine and Surgery,King Abdullah Medical City in Mecca,14
723,2016,Medicine and Surgery,جامعة سلمان بن عبدالعزيز,14
725,2017,Medicine and Surgery,Princess Nourah Bint Abdul Rahman University,14
726,2016,Medicine and Surgery,Princess Nourah Bint Abdul Rahman University,14
728,2020,Medicine and Surgery,جامعة القصيم,13
729,2021,Dentistry and Related Specialties,جامعة الملك عبد العزيز جدة,13
730,2016,Medicine and Surgery,Imam Mohammad Ibn Saud Islamic University,13
732,2019,Medicine and Surgery,"king AbdulAziz Specialist Hospital, Taif",13
734,2018,Medicine and Surgery,جامعة نجران,13
735,2016,Pharmacists and Pharmacy Technicians,Ministry of Health,13
736,2016,Medicine and Surgery,King Khaled Eye Specialist Hospital,13
742,2017,Medicine and Surgery,جامعة حائل,13
745,2017,Dentistry and Related Specialties,Ministry of National Guard,13
746,2016,Medicine and Surgery,Dallah Hospitals,13
749,2018,Medicine and Surgery,جامعة طيبة,13
750,2016,Medicine and Surgery,"Al Noor Specialist Hospital, Mecca",13
751,2021,Medicine and Surgery,مستشفى الملك فهد للحرس الوطني,13
753,2016,Medicine and Surgery,جامعة حائل,13
756,2018,Dentistry and Related Specialties,جامعة القصيم,13
757,2017,Medicine and Surgery,King Khaled Eye Specialist Hospital,13
758,2020,Medicine and Surgery,"King Abdulaziz Hospital for National Guards, Al Hassa",13
759,2019,Medicine and Surgery,Princess Nourah Bint Abdul Rahman University,13
764,2018,Pharmacists and Pharmacy Technicians,جامعة الملك سعود بالرياض,12
768,2018,Medicine and Surgery,جامعة بيشة,12
769,2019,Pharmacists and Pharmacy Technicians,وزارة الدفاع - تشغيل ذاتي,12
770,2022,Medicine and Surgery,جامعة الملك سعود بالرياض,12
772,2016,Medicine and Surgery,جامعة طيبة,12
773,2021,Laboratories and Medical Technology,Unknown,12
775,2019,Dentistry and Related Specialties,Ministry of Interior,12
782,2016,Medicine and Surgery,university of tabuk,12
784,2018,Medicine and Surgery,Imam Mohammad Ibn Saud Islamic University,12
788,2020,Medicine and Surgery,King Faisal Medical City for Southern Regions,12
791,2016,Pharmacists and Pharmacy Technicians,King Faisal Specialist Hospital & Research Centre,11
794,2020,Medicine and Surgery,وزارة الصحة - البحرين,11
795,2017,Medicine and Surgery,Prince Sattam Bin Abdulaziz University,11
798,2017,Medicine and Surgery,Taif University,11
800,2019,Medicine and Surgery,جامعة بيشة,11
802,2017,Dentistry and Related Specialties,مستشفى الملك خالد للحرس الوطني,11
803,2016,Nursing and Midwifery,King Abdullah Medical City in Mecca,11
805,2020,Medicine and Surgery,وزارة الدفاع / القوات الجويه,11
806,2021,Medicine and Surgery,مركز الأمير سلطان لمعالجة أمراض وجراحة القلب للقوات المسلحة,11
807,2019,Medicine and Surgery,Ministry of Interior Medical Services,11
812,2019,Medicine and Surgery,Al Jouf University,11
814,2021,Medicine and Surgery,King Faisal Medical City for Southern Regions,11
815,2020,Dentistry and Related Specialties,جامعة القصيم,10
816,2017,Medicine and Surgery,university of tabuk,10
817,2017,Nursing and Midwifery,King Abdullah Medical City in Mecca,10
818,2019,Medicine and Surgery,Imam Mohammad Ibn Saud Islamic University,10
819,2018,Medicine and Surgery,وزارة الدفاع / القوات البريه,10
820,2018,Medicine and Surgery,مستشفى الملك حمد الجامعي,10
821,2021,Medicine and Surgery,جامعة جازان,10
824,2021,Medicine and Surgery,وزارة الصحة - البحرين,10
825,2017,Dentistry and Related Specialties,جامعة القصيم,10
826,2017,Pharmacists and Pharmacy Technicians,Unknown,10
828,2019,Dentistry and Related Specialties,جامعة الملك خالد,10
829,2020,Medicine and Surgery,جامعة جازان,10
830,2020,Medicine and Surgery,جامعة الملك فيصل بالاحساء,10
832,2017,Dentistry and Related Specialties,جامعة الملك خالد,10
836,2017,Pharmacists and Pharmacy Technicians,King Faisal Specialist Hospital & Research Centre,10
837,2017,Dentistry and Related Specialties,جامعة الملك سعود بالرياض,10
838,2021,Dentistry and Related Specialties,تعاقد شخصي,10
839,2020,Medicine and Surgery,Taif University,10
841,2018,Medicine and Surgery,Taif University,10
842,2019,Pharmacists and Pharmacy Technicians,جامعة الملك سعود بالرياض,10
843,2018,Unknown,تعاقد شخصي,10
844,2021,Pharmacists and Pharmacy Technicians,Ministry of National Guard,10
845,2017,Medicine and Surgery,"Al Noor Specialist Hospital, Mecca",10
847,2021,Medicine and Surgery,جامعة القصيم,10
849,2017,Medicine and Surgery,جامعة طيبة,10
851,2018,Dentistry and Related Specialties,Ministry of Interior,10
852,2017,Pharmacists and Pharmacy Technicians,جامعة الملك سعود بالرياض,10
855,2021,Pharmacists and Pharmacy Technicians,King Faisal Specialist Hospital & Research Centre,10
857,2019,Medicine and Surgery,King Faisal Medical City for Southern Regions,10
858,2019,Medicine and Surgery,وزارة الدفاع / القوات الجويه,10
859,2018,Medicine and Surgery,Ministry of Interior Medical Services,10
860,2018,Dentistry and Related Specialties,جامعة الملك خالد,10
861,2020,Medicine and Surgery,مركز الأمير سلطان لمعالجة أمراض وجراحة القلب للقوات المسلحة,10
863,2017,Medicine and Surgery,جامعة الملك فيصل الدمام,10
864,2020,Medicine and Surgery,King Khaled Eye Specialist Hospital,10
866,2019,Medicine and Surgery,جامعة حائل,9
867,2017,Dentistry and Related Specialties,جامعة الملك عبد العزيز جدة,9
868,2020,Unknown,تعاقد شخصي,9
869,2021,Medicine and Surgery,مستشفى الملك خالد للحرس الوطني,9
870,2018,Dentistry and Related Specialties,King Abdulaziz Medical City for National Guard in Riyadh,9
871,2016,Medicine and Surgery,وزارة الدفاع / القوات البريه,9
872,2022,Medicine and Surgery,جامعة الملك خالد,9
873,2016,Medicine and Surgery,جامعة نجران,9
877,2020,Dentistry and Related Specialties,جامعة الملك عبد العزيز جدة,9
878,2017,Medicine and Surgery,مستشفى الملك حمد الجامعي,9
879,2021,Dentistry and Related Specialties,King Saud Medical City in Riyadh,9
880,2020,Pharmacists and Pharmacy Technicians,King Faisal Specialist Hospital & Research Centre,9
881,2019,Unknown,تعاقد شخصي,9
882,2018,Medicine and Surgery,جامعة الملك فيصل الدمام,9
883,2018,Medicine and Surgery,Prince Sattam Bin Abdulaziz University,9
884,2017,Medicine and Surgery,جامعة بيشة,9
886,2021,Medicine and Surgery,Taif University,9
887,2019,Medicine and Surgery,وزارة الصحة - البحرين,9
888,2022,Medicine and Surgery,King Abdullah Medical City in Mecca,9
889,2018,Medicine and Surgery,جامعة جدة,9
890,2021,Pharmacists and Pharmacy Technicians,King Abdulaziz Medical City for National Guard in Riyadh,9
891,2017,Medicine and Surgery,وزارة الصحة - البحرين,9
892,2017,Dentistry and Related Specialties,Ministry of Defense,9
893,2019,Medicine and Surgery,Taif University,9
894,2017,Medicine and Surgery,Imam Mohammad Ibn Saud Islamic University,9
895,2020,Medicine and Surgery,وزارة الدفاع - البحرين,9
898,2020,Medicine and Surgery,جامعة جدة,9
899,2022,Medicine and Surgery,"King Faisal Specialist Hospital & Research Centre, Jeddah",9
900,2022,Unknown,تعاقد شخصي,9
914,2017,Unknown,Ministry of Health,8
915,2017,Dentistry and Related Specialties,جامعة المجمعة,8
916,2018,Dentistry and Related Specialties,جامعة نجران,8
917,2022,Medicine and Surgery,مستشفى القوات المسلحة (الخدمات الطبية),8
919,2018,Dentistry and Related Specialties,جامعة الملك سعود بالرياض,8
922,2017,Unknown,تعاقد شخصي,8
923,2021,Medicine and Surgery,King Khaled Eye Specialist Hospital,8
924,2021,Nursing and Midwifery,"Al Noor Specialist Hospital, Mecca",8
925,2019,Pharmacists and Pharmacy Technicians,King Faisal Specialist Hospital & Research Centre,8
926,2018,Pharmacists and Pharmacy Technicians,King Faisal Specialist Hospital & Research Centre,8
927,2016,Pharmacists and Pharmacy Technicians,جامعة الملك سعود بالرياض,8
929,2018,Medicine and Surgery,وزارة الصحة - البحرين,8
932,2020,Pharmacists and Pharmacy Technicians,King Abdulaziz Medical City for National Guard in Riyadh,8
934,2018,Medicine and Surgery,university of tabuk,8
935,2020,Nursing and Midwifery,جامعة الملك عبد العزيز جدة,8
936,2020,Dentistry and Related Specialties,تعاقد شخصي,8
937,2020,Nursing and Midwifery,"king AbdulAziz Specialist Hospital, Taif",8
940,2021,Nursing and Midwifery,King Abdullah Medical City in Mecca,8
943,2020,Medicine and Surgery,جامعة طيبة,8
944,2020,Medicine and Surgery,جامعة بيشة,8
945,2019,Medicine and Surgery,"Royal Commission Medical Center, Yanbu",8
949,2020,Medicine and Surgery,جامعة حائل,8
950,2019,Medicine and Surgery,جامعة نجران,8
951,2017,Medicine and Surgery,جامعة سلمان بن عبدالعزيز,8
952,2016,Medicine and Surgery,Taif University,8
955,2017,Medicine and Surgery,Dallah Hospitals,8
956,2021,Medicine and Surgery,وزارة الدفاع - البحرين,8
957,2016,Medicine and Surgery,"king AbdulAziz Specialist Hospital, Taif",8
960,2016,Medicine and Surgery,جامعة بيشة,8
962,2019,Medicine and Surgery,جامعة جدة,8
965,2018,Medicine and Surgery,وزارة الدفاع - البحرين,7
966,2021,Medicine and Surgery,جامعة بيشة,7
969,2016,Nursing and Midwifery,King Faisal Specialist Hospital & Research Centre,7
970,2017,Medicine and Surgery,"Royal Commission Medical Center, Yanbu",7
971,2021,Medicine and Surgery,قطاع خاص,7
976,2021,Medicine and Surgery,جامعة جدة,7
978,2016,Unknown,Ministry of Health,7
980,2021,Medicine and Surgery,"King Abdulaziz Hospital for National Guards, Al Hassa",7
986,2020,Dentistry and Related Specialties,وزارة التعليم,7
989,2020,Medicine and Surgery,"Royal Commission Medical Center, Yanbu",7
992,2021,Nursing and Midwifery,"king AbdulAziz Specialist Hospital, Taif",7
993,2020,Medicine and Surgery,Imam Mohammad Ibn Saud Islamic University,7
996,2017,Pharmacists and Pharmacy Technicians,وزارة الدفاع - خدمات طبيه,7
1003,2020,Laboratories and Medical Technology,Unknown,7
1005,2021,Pharmacists and Pharmacy Technicians,"King Faisal Specialist Hospital & Research Centre, Jeddah",7
1006,2018,Dentistry and Related Specialties,جامعة المجمعة,7
1007,2020,Laboratories and Medical Technology,Ministry of Interior,7
1008,2017,Dentistry and Related Specialties,وزارة الصحة - الكويت,7
1010,2017,Dentistry and Related Specialties,Ministry of Interior,7
1011,2017,Medicine and Surgery,"king AbdulAziz Specialist Hospital, Taif",7
1017,2019,Medicine and Surgery,وزارة الدفاع - البحرين,7
1018,2018,Unknown,Ministry of Health,7
1021,2016,Medicine and Surgery,"Royal Commission Medical Center, Yanbu",7
1022,2019,Laboratories and Medical Technology,Ministry of Interior,7
1023,2019,Dentistry and Related Specialties,جامعة الملك عبد العزيز جدة,7
1024,2019,Medicine and Surgery,university of tabuk,7
1028,2016,Dentistry and Related Specialties,Ministry of Interior Medical Services,7
1030,2019,Dentistry and Related Specialties,جامعة الملك سعود بالرياض,7
1032,2021,Dentistry and Related Specialties,Ministry of Defense,7
1034,2021,Dentistry and Related Specialties,وزارة التعليم,7
1035,2019,Medicine and Surgery,King Khaled Eye Specialist Hospital,7
1037,2021,Dentistry and Related Specialties,"King Abdulaziz Medical City for National Guard, Jeddah",7
1039,2016,Dentistry and Related Specialties,جامعة نجران,7
1041,2018,Pharmacists and Pharmacy Technicians,وزارة الدفاع - تشغيل ذاتي,7
1047,2021,Laboratories and Medical Technology,Ministry of Interior,6
1048,2017,Medicine and Surgery,وزارة الدفاع - البحرين,6
1050,2017,Medicine and Surgery,وزارة الدفاع / القوات البريه,6
1051,2017,Dentistry and Related Specialties,جامعة نجران,6
1055,2019,Medicine and Surgery,Prince Sattam Bin Abdulaziz University,6
1056,2019,Medicine and Surgery,مركز الأمير سلطان لمعالجة أمراض وجراحة القلب للقوات المسلحة,6
1057,2016,Dentistry and Related Specialties,مستشفى الملك فهد للحرس الوطني,6
1058,2016,Dentistry and Related Specialties,جامعة الملك عبد العزيز جدة,6
1059,2021,Medicine and Surgery,جامعة طيبة,6
1061,2021,Pharmacists and Pharmacy Technicians,King Fahad Medical City in Riyadh,6
1062,2018,Dentistry and Related Specialties,Ministry of Defense,6
1067,2016,Dentistry and Related Specialties,جامعة الملك سعود بالرياض,6
1068,2021,Nursing and Midwifery,King Faisal Specialist Hospital & Research Centre,6
1070,2021,Pharmacists and Pharmacy Technicians,King Saud Medical City in Riyadh,6
1071,2021,Pharmacists and Pharmacy Technicians,جامعة الملك سعود بالرياض,6
1073,2018,Dentistry and Related Specialties,جامعة الملك عبد العزيز جدة,6
1074,2019,Dentistry and Related Specialties,جامعة المجمعة,6
1075,2021,Nursing and Midwifery,"King Fahad Specialist Hospital, Damam",6
1077,2016,Dentistry and Related Specialties,Security Forces Hospital - Riyadh,6
1080,2017,Nursing and Midwifery,King Faisal Specialist Hospital & Research Centre,6
1081,2021,Nursing and Midwifery,"Royal Commission Medical Center, Yanbu",6
1083,2022,Medicine and Surgery,مستشفى الملك فهد للحرس الوطني,6
1084,2016,Unknown,تعاقد شخصي,6
1085,2018,Pharmacists and Pharmacy Technicians,وزارة الدفاع - خدمات طبيه,6
1087,2021,Medicine and Surgery,Dr. Sulaiman Al Habib Hospital - Takhassusi,6
1090,2022,Medicine and Surgery,"King Fahad Specialist Hospital, Damam",6
1092,2019,Unknown,Ministry of Health,6
1095,2017,Medicine and Surgery,جامعة جدة,6
1098,2018,Pharmacists and Pharmacy Technicians,King Fahad Medical City in Riyadh,6
1101,2022,Medicine and Surgery,King Saud Medical City in Riyadh,6
1112,2018,Medicine and Surgery,"Royal Commission Medical Center, Yanbu",6
1113,2018,Medicine and Surgery,"king AbdulAziz Specialist Hospital, Taif",6
1114,2020,Dentistry and Related Specialties,Ministry of Defense,6
1118,2019,Dentistry and Related Specialties,Ministry of Defense,6
1119,2021,Medicine and Surgery,"Royal Commission Medical Center, Yanbu",6
1121,2020,Medicine and Surgery,برنامج الخدمات الصحية للهيئة الملكية بالجبيل RCH,6
1122,2020,Nursing and Midwifery,King Abdullah Medical City in Mecca,6
1124,2020,Pharmacists and Pharmacy Technicians,"King Abdulaziz Medical City for National Guard, Jeddah",6
1128,2021,Medicine and Surgery,برنامج الخدمات الصحية للهيئة الملكية بالجبيل RCH,6
1131,2019,Medicine and Surgery,جامعة جازان,6
1133,2016,Medicine and Surgery,مستشفى الملك حمد الجامعي,5
1134,2020,Nursing and Midwifery,"King Fahad Specialist Hospital, Damam",5
1136,2020,Nursing and Midwifery,King Faisal Specialist Hospital & Research Centre,5
1137,2022,Medicine and Surgery,مركز الأمير سلطان لمعالجة أمراض وجراحة القلب للقوات المسلحة,5
1142,2021,Medicine and Surgery,Umm Al Qura University,5
1144,2020,Medicine and Surgery,university of tabuk,5
1146,2016,Medicine and Surgery,Prince Sattam Bin Abdulaziz University,5
1149,2016,Dentistry and Related Specialties,وزارة الصحة - الكويت,5
1156,2019,Nursing and Midwifery,King Abdullah Medical City in Mecca,5
1157,2017,Dentistry and Related Specialties,مستشفى الملك فهد للحرس الوطني,5
1158,2020,Medicine and Surgery,King Fahad General Hospital - Jeddah,5
1159,2019,Laboratories and Medical Technology,Unknown,5
1162,2021,Dentistry and Related Specialties,وزارة الدفاع / القوات الجويه,5
1163,2016,Medicine and Surgery,وزارة الصحة - البحرين,5
1164,2019,Dentistry and Related Specialties,King Faisal Medical City for Southern Regions,5
1165,2019,Dentistry and Related Specialties,King Faisal Specialist Hospital & Research Centre,5
1166,2019,Dentistry and Related Specialties,King Saud Medical City in Riyadh,5
1167,2020,Dentistry and Related Specialties,"King Abdulaziz Medical City for National Guard, Jeddah",5
1169,2020,Dentistry and Related Specialties,King Saud Medical City in Riyadh,5
1172,2021,Unknown,تعاقد شخصي,5
1174,2016,Dentistry and Related Specialties,Ministry of National Guard,5
1176,2017,Dentistry and Related Specialties,King Abdulaziz Medical City for National Guard in Riyadh,5
1177,2022,Medicine and Surgery,جامعة الملك عبد العزيز جدة,5
1179,2022,Medicine and Surgery,جامعة القصيم,5
1180,2018,Medicine and Surgery,وزارة الدفاع / القوات الجويه,5
1189,2020,Pharmacists and Pharmacy Technicians,"King Faisal Specialist Hospital & Research Centre, Jeddah",5
1190,2018,Nursing and Midwifery,وزارة الدفاع - تشغيل ذاتي,5
1192,2016,Pharmacists and Pharmacy Technicians,وزارة الدفاع - تشغيل ذاتي,5
1193,2022,Medicine and Surgery,King Faisal Medical City for Southern Regions,5
1197,2016,Dentistry and Related Specialties,Ministry of Defense,5
1198,2021,Pharmacists and Pharmacy Technicians,وزارة الدفاع - خدمات طبيه,5
1199,2020,Dentistry and Related Specialties,جامعة الملك خالد,5
1201,2017,Dentistry and Related Specialties,King Faisal Medical City for Southern Regions,5
1202,2017,Dentistry and Related Specialties,Ministry of Interior Medical Services,5
1203,2018,Dentistry and Related Specialties,King Saud Medical City in Riyadh,5
1204,2018,Dentistry and Related Specialties,King Faisal Specialist Hospital & Research Centre,5
1207,2018,Dentistry and Related Specialties,King Faisal Medical City for Southern Regions,5
1208,2021,Pharmacists and Pharmacy Technicians,"King Abdulaziz Medical City for National Guard, Jeddah",5
1210,2020,Unknown,Ministry of Health,5
1213,2022,Medicine and Surgery,هيئة الصحة بدبي,5
1216,2020,Medicine and Surgery,Dr. Sulaiman Al Habib Hospital - Takhassusi,5
1217,2016,Dentistry and Related Specialties,جامعة المجمعة,5
1218,2021,Dentistry and Related Specialties,جامعة القصيم,5
1220,2019,Pharmacists and Pharmacy Technicians,King Abdulaziz Medical City for National Guard in Riyadh,5
1221,2021,Medicine and Surgery,جامعة حائل,5
1223,2019,Dentistry and Related Specialties,Princess Nourah Bint Abdul Rahman University,5
1224,2020,Pharmacists and Pharmacy Technicians,وزارة الدفاع - خدمات طبيه,5
1226,2018,Dentistry and Related Specialties,وزارة الصحة - الكويت,5
1228,2020,Nursing and Midwifery,"Royal Commission Medical Center, Yanbu",5
1230,2016,Dentistry and Related Specialties,جامعة القصيم,5
1233,2018,Medicine and Surgery,Dallah Hospitals,5
1235,2021,Medicine and Surgery,university of tabuk,4
1240,2016,Dentistry and Related Specialties,King Faisal Medical City for Southern Regions,4
1241,2017,Dentistry and Related Specialties,Security Forces Hospital - Riyadh,4
1243,2021,Medicine and Surgery,King Fahad General Hospital - Jeddah,4
1244,2021,Laboratories and Medical Technology,وزارة الدفاع - تشغيل ذاتي,4
1245,2020,Pharmacists and Pharmacy Technicians,جامعة الملك عبد العزيز جدة,4
1246,2020,Pharmacists and Pharmacy Technicians,جامعة الملك سعود بالرياض,4
1247,2021,Laboratories and Medical Technology,وزارة الدفاع - خدمات طبيه,4
1250,2016,Dentistry and Related Specialties,King Saud Medical City in Riyadh,4
1251,2016,Medicine and Surgery,وزارة الدفاع / القوات الجويه,4
1252,2021,Medicine and Surgery,Imam Mohammad Ibn Saud Islamic University,4
1253,2016,Pharmacists and Pharmacy Technicians,وزارة الدفاع - خدمات طبيه,4
1254,2016,Unknown,Ministry of National Guard,4
1257,2017,Dentistry and Related Specialties,King Faisal Specialist Hospital & Research Centre,4
1259,2017,Dentistry and Related Specialties,King Saud Medical City in Riyadh,4
1261,2016,Dentistry and Related Specialties,جامعة الملك خالد,4
1262,2017,Dentistry and Related Specialties,Princess Nourah Bint Abdul Rahman University,4
1265,2016,Medicine and Surgery,مجموعة بقشان,4
1266,2016,Medicine and Surgery,جامعة جدة,4
1267,2021,Medicine and Surgery,Prince Sultan Military Medical City,4
1268,2016,Medicine and Surgery,جامعة جازان,4
1269,2017,Dentistry and Related Specialties,وزارة الدفاع / القوات البريه,4
1271,2016,Medicine and Surgery,المجلس العماني للاختصاصات الطبية,4
1275,2022,Medicine and Surgery,Imam Abdul Rahman Bin Faisal University,4
1286,2018,Medicine and Surgery,جامعة سلمان بن عبدالعزيز,4
1288,2018,Medicine and Surgery,جامعة جازان,4
1289,2020,Dentistry and Related Specialties,King Faisal Specialist Hospital & Research Centre,4
1290,2021,Unknown,Ministry of Health,4
1294,2020,Dentistry and Related Specialties,جامعة المجمعة,4
1295,2018,Laboratories and Medical Technology,Unknown,4
1296,2020,Dentistry and Related Specialties,وزارة الدفاع / القوات الجويه,4
1297,2018,Dentistry and Related Specialties,وزارة الدفاع / القوات البريه,4
1299,2019,Pharmacists and Pharmacy Technicians,King Fahad Medical City in Riyadh,4
1302,2019,Medicine and Surgery,جامعة الملك فيصل الدمام,4
1303,2019,Medicine and Surgery,برنامج الخدمات الصحية للهيئة الملكية بالجبيل RCH,4
1308,2022,Pharmacists and Pharmacy Technicians,Ministry of Health,4
1309,2019,Medicine and Surgery,Dr. Sulaiman Al Habib Hospital - Takhassusi,4
1310,2019,Medicine and Surgery,Dallah Hospitals,4
1311,2022,Pharmacists and Pharmacy Technicians,King Abdulaziz Medical City for National Guard in Riyadh,4
1320,2019,Dentistry and Related Specialties,جامعة نجران,4
1321,2019,Nursing and Midwifery,جامعة الملك عبد العزيز جدة,4
1323,2019,Pharmacists and Pharmacy Technicians,King Abdullah Medical City in Mecca,4
1324,2018,Dentistry and Related Specialties,مستشفى الملك فهد للحرس الوطني,4
1327,2017,Unknown,Ministry of National Guard,4
1328,2021,Nursing and Midwifery,جامعة الملك عبد العزيز جدة,4
1329,2017,Pharmacists and Pharmacy Technicians,وزارة الدفاع - تشغيل ذاتي,4
1335,2017,Medicine and Surgery,جامعة جازان,4
1336,2021,Medicine and Surgery,هيئة الهلال الاحمر,4
1339,2017,Medicine and Surgery,مجموعة بقشان,4
1342,2020,Medicine and Surgery,Umm Al Qura University,4
1343,2020,Medicine and Surgery,Dallah Hospitals,4
1345,2021,Medicine and Surgery,رئاسة أمن الدولة,4
1347,2021,Nursing and Midwifery,وزارة الدفاع - خدمات طبيه,4
1348,2020,Medicine and Surgery,جامعة نجران,4
1350,2021,Pharmacists and Pharmacy Technicians,King Abdullah Medical City in Mecca,4
1352,2020,Laboratories and Medical Technology,وزارة الدفاع - تشغيل ذاتي,4
1355,2016,Medicine and Surgery,وزارة الداخلية / الاستخبارات العامه,3
1356,2019,Nursing and Midwifery,"King Faisal Specialist Hospital & Research Centre, Jeddah",3
1357,2019,Dentistry and Related Specialties,وزارة الصحة - الكويت,3
1358,2019,Dentistry and Related Specialties,وزارة الدفاع / القوات البريه,3
1360,2019,Nursing and Midwifery,Ministry of Interior,3
1361,2020,Unknown,Ministry of National Guard,3
1363,2019,Nursing and Midwifery,"Royal Commission Medical Center, Yanbu",3
1364,2017,Laboratories and Medical Technology,جامعة الملك عبد العزيز جدة,3
1365,2019,Nursing and Midwifery,Saud Al Babtain Cardiac Center,3
1366,2016,Medicine and Surgery,وزارة الدفاع - البحرين,3
1367,2019,Nursing and Midwifery,"King Fahad Specialist Hospital, Damam",3
1368,2019,Medicine and Surgery,Umm Al Qura University,3
1369,2020,Medicine and Surgery,رئاسة أمن الدولة,3
1375,2017,Medicine and Surgery,المجلس العماني للاختصاصات الطبية,3
1379,2019,Medicine and Surgery,Albaha University,3
1384,2016,Medicine and Surgery,Umm Al Qura University,3
1385,2019,Medicine and Surgery,Alfaisal University,3
1386,2018,Dentistry and Related Specialties,Princess Nourah Bint Abdul Rahman University,3
1387,2019,Pharmacists and Pharmacy Technicians,"King Abdulaziz Medical City for National Guard, Jeddah",3
1388,2020,Medicine and Surgery,هيئة الهلال الاحمر,3
1389,2020,Nursing and Midwifery,"King Faisal Specialist Hospital & Research Centre, Jeddah",3
1393,2018,Medicine and Surgery,جامعة شقراء,3
1395,2018,Medicine and Surgery,برنامج الخدمات الصحية للهيئة الملكية بالجبيل RCH,3
1398,2020,Medicine and Surgery,Al Jouf University,3
1399,2017,Dentistry and Related Specialties,Al Jouf University,3
1400,2017,Dentistry and Related Specialties,"King Abdulaziz Hospital for National Guards, Al Hassa",3
1401,2018,Dentistry and Related Specialties,Al Jouf University,3
1403,2018,Medicine and Surgery,Alfaisal University,3
1404,2018,Medicine and Surgery,Albaha University,3
1406,2020,Nursing and Midwifery,"Prince Mohammad Bin Abdulaziz Hospital, Riyadh",3
1407,2018,Dentistry and Related Specialties,مستشفى الملك خالد للحرس الوطني,3
1408,2017,Pharmacists and Pharmacy Technicians,تعاقد شخصي,3
1410,2020,Pharmacists and Pharmacy Technicians,King Abdullah Medical City in Mecca,3
1411,2019,Pharmacists and Pharmacy Technicians,تعاقد شخصي,3
1413,2020,Medicine and Surgery,Prince Sultan Military Medical City,3
1414,2019,Dentistry and Related Specialties,Al Jouf University,3
1415,2017,Dentistry and Related Specialties,Prince Abdulrahman Advanced Dental Institute,3
1416,2019,Pharmacists and Pharmacy Technicians,"King Faisal Specialist Hospital & Research Centre, Jeddah",3
1417,2018,Unknown,Ministry of National Guard,3
1418,2018,Pharmacists and Pharmacy Technicians,جامعة الملك عبد العزيز جدة,3
1419,2020,Medicine and Surgery,Prince Sattam Bin Abdulaziz University,3
1420,2017,Medicine and Surgery,وزارة الدفاع / القوات الجويه,3
1421,2018,Nursing and Midwifery,Ministry of Interior,3
1422,2019,Pharmacists and Pharmacy Technicians,جامعة الملك عبد العزيز جدة,3
1423,2017,Nursing and Midwifery,Ministry of National Guard,3
1424,2017,Nursing and Midwifery,وزارة الدفاع - البحرين,3
1425,2017,Pharmacists and Pharmacy Technicians,King Fahad Medical City in Riyadh,3
1426,2016,Nursing and Midwifery,Ministry of Health,3
1427,2016,Pharmacists and Pharmacy Technicians,Unknown,3
1428,2019,Pharmacists and Pharmacy Technicians,وزارة الدفاع - خدمات طبيه,3
1429,2018,Nursing and Midwifery,وزارة الدفاع - البحرين,3
1430,2017,Medicine and Surgery,King Fahad General Hospital - Jeddah,3
1433,2016,Dentistry and Related Specialties,Al Jouf University,3
1441,2022,Medicine and Surgery,جامعة المجمعة,3
1444,2016,Dentistry and Related Specialties,"King Abdulaziz Hospital for National Guards, Al Hassa",3
1446,2016,Dentistry and Related Specialties,King Abdulaziz Medical City for National Guard in Riyadh,3
1447,2021,Pharmacists and Pharmacy Technicians,جامعة الملك عبد العزيز جدة,3
1449,2016,Dentistry and Related Specialties,Ministry of Interior,3
1458,2021,Pharmacists and Pharmacy Technicians,Ministry of Defense,3
1460,2022,Medicine and Surgery,Security Forces Hospital - Riyadh,3
1481,2016,Dentistry and Related Specialties,مستشفى القوات المسلحة (الخدمات الطبية),3
1485,2021,Unknown,Ministry of National Guard,3
1489,2022,Medicine and Surgery,Dr. Soliman Fakeeh Hospital,3
1495,2016,Laboratories and Medical Technology,جامعة الملك عبد العزيز جدة,3
1498,2021,Dentistry and Related Specialties,جامعة المجمعة,3
1500,2021,Medicine and Surgery,وزارة التعليم,3
1501,2021,Medicine and Surgery,جامعة الملك فيصل بالاحساء,3
1502,2021,Dentistry and Related Specialties,جامعة الملك خالد,3
1507,2022,Medicine and Surgery,International Medical Center,3
1508,2022,Medicine and Surgery,مستشفى القوات االمسلحة (برنامج),3
1509,2021,Dentistry and Related Specialties,وزارة الدفاع / القوات البريه,3
1514,2021,Nursing and Midwifery,"Prince Mohammad Bin Abdulaziz Hospital, Riyadh",2
1523,2017,Pharmacists and Pharmacy Technicians,جامعة الملك خالد,2
1525,2019,Nursing and Midwifery,جامعة الملك خالد,2
1526,2017,Pharmacists and Pharmacy Technicians,جامعة الملك عبد العزيز جدة,2
1527,2019,Pharmacists and Pharmacy Technicians,King Saud Medical City in Riyadh,2
1528,2017,Medicine and Surgery,جامعة شقراء,2
1530,2019,Pharmacists and Pharmacy Technicians,Ministry of Defense,2
1532,2021,Nursing and Midwifery,Al Jouf University,2
1533,2020,Medicine and Surgery,King Abdullah bin Abdulaziz University Hospital,2
1534,2017,Medicine and Surgery,وزارة التعليم,2
1538,2017,Medicine and Surgery,وزارة الداخلية / الاستخبارات العامه,2
1539,2021,Nursing and Midwifery,Imam Abdul Rahman Bin Faisal University,2
1546,2020,Medicine and Surgery,Ministry of Interior Medical Services,2
1553,2019,Dentistry and Related Specialties,"King Abdulaziz Medical City for National Guard, Jeddah",2
1557,2020,Medicine and Surgery,الخدمات الطبية لقوات الأمن الخاصة,2
1559,2020,Medicine and Surgery,المجلس العماني للاختصاصات الطبية,2
1561,2016,Medicine and Surgery,King Fahad General Hospital - Jeddah,2
1562,2018,Dentistry and Related Specialties,Prince Abdulrahman Advanced Dental Institute,2
1565,2018,Medicine and Surgery,Umm Al Qura University,2
1567,2020,Dentistry and Related Specialties,Prince Abdulrahman Advanced Dental Institute,2
1568,2018,Medicine and Surgery,Saud Al Babtain Cardiac Center,2
1570,2018,Medicine and Surgery,Prince Sultan Military Medical City,2
1572,2020,Dentistry and Related Specialties,Prince Sattam Bin Abdulaziz University,2
1573,2019,Unknown,King Faisal Specialist Hospital & Research Centre,2
1577,2018,Pharmacists and Pharmacy Technicians,King Abdulaziz Medical City for National Guard in Riyadh,2
1579,2018,Medicine and Surgery,King Fahad General Hospital - Jeddah,2
1580,2018,Pharmacists and Pharmacy Technicians,King Abdullah Medical City in Mecca,2
1581,2018,Nursing and Midwifery,Saud Al Babtain Cardiac Center,2
1583,2018,Unknown,King Faisal Specialist Hospital & Research Centre,2
1584,2018,Medicine and Surgery,مجموعة بقشان,2
1585,2018,Medicine and Surgery,وزارة الداخلية / الاستخبارات العامه,2
1590,2020,Dentistry and Related Specialties,"Al Noor Specialist Hospital, Mecca",2
1592,2022,Medicine and Surgery,Imam Mohammad Ibn Saud Islamic University,2
1593,2018,Nursing and Midwifery,Ministry of National Guard,2
1594,2018,Nursing and Midwifery,King Abdullah Medical City in Mecca,2
1597,2022,Medicine and Surgery,Al Jouf University,2
1599,2019,Unknown,Ministry of National Guard,2
1601,2020,Dentistry and Related Specialties,جامعة نجران,2
1603,2018,Medicine and Surgery,"King Abdulaziz Hospital, Mecca",2
1604,2021,Pharmacists and Pharmacy Technicians,"King Fahad Specialist Hospital, Damam",2
1607,2018,Dentistry and Related Specialties,Security Forces Hospital - Riyadh,2
1610,2018,Dentistry and Related Specialties,Ministry of Interior Medical Services,2
1611,2019,Pharmacists and Pharmacy Technicians,"Prince Mohammad Bin Abdulaziz Hospital, Riyadh",2
1616,2021,Pharmacists and Pharmacy Technicians,Imam Abdul Rahman Bin Faisal University,2
1617,2020,Laboratories and Medical Technology,وزارة الدفاع - خدمات طبيه,2
1618,2020,Medicine and Surgery,Albaha University,2
1620,2020,Medicine and Surgery,Alfaisal University,2
1621,2018,Pharmacists and Pharmacy Technicians,جامعة الملك خالد,2
1622,2018,Pharmacists and Pharmacy Technicians,تعاقد شخصي,2
1623,2021,Pharmacists and Pharmacy Technicians,Ministry of Interior,2
1624,2018,Dentistry and Related Specialties,مستشفى القوات المسلحة (الخدمات الطبية),2
1628,2018,Pharmacists and Pharmacy Technicians,King Saud Medical City in Riyadh,2
1629,2018,Pharmacists and Pharmacy Technicians,Ministry of Defense,2
1631,2018,Laboratories and Medical Technology,وزارة الدفاع - خدمات طبيه,2
1632,2020,Dentistry and Related Specialties,وزارة الدفاع / القوات البريه,2
1633,2021,Pharmacists and Pharmacy Technicians,Umm Al Qura University,2
1634,2020,Dentistry and Related Specialties,وزارة الصحة - الكويت,2
1635,2020,Laboratories and Medical Technology,King Abdullah Medical City in Mecca,2
1636,2019,Pharmacists and Pharmacy Technicians,Umm Al Qura University,2
1637,2018,Pharmacists and Pharmacy Technicians,Umm Al Qura University,2
1638,2019,Pharmacists and Pharmacy Technicians,Prince Sultan Military Medical City,2
1641,2020,Medicine and Surgery,جامعة الملك فيصل الدمام,2
1643,2016,Pharmacists and Pharmacy Technicians,مستشفى القوات االمسلحة (برنامج),2
1644,2022,Pharmacists and Pharmacy Technicians,King Fahad Medical City in Riyadh,2
1645,2021,Medicine and Surgery,"King Abdulaziz Hospital, Mecca",2
1646,2016,Unknown,King Faisal Specialist Hospital & Research Centre,2
1649,2021,Dentistry and Related Specialties,"King Abdulaziz Hospital, Mecca",2
1654,2021,Medicine and Surgery,Dallah Hospitals,2
1655,2016,Pharmacists and Pharmacy Technicians,جامعة الملك خالد,2
1656,2016,Pharmacists and Pharmacy Technicians,تعاقد شخصي,2
1657,2021,Medicine and Surgery,Alfaisal University,2
1660,2020,Nursing and Midwifery,جامعة الملك خالد,2
1661,2021,Dentistry and Related Specialties,جامعة نجران,2
1663,2016,Laboratories and Medical Technology,وزارة الدفاع - خدمات طبيه,2
1666,2020,Nursing and Midwifery,Saud Al Babtain Cardiac Center,2
1670,2019,Laboratories and Medical Technology,وزارة الدفاع - خدمات طبيه,2
1675,2022,Pharmacists and Pharmacy Technicians,Ministry of National Guard,2
1676,2016,Pharmacists and Pharmacy Technicians,Ministry of Interior,2
1680,2021,Dentistry and Related Specialties,"Al Noor Specialist Hospital, Mecca",2
1681,2019,Medicine and Surgery,Prince Sultan Military Medical City,2
1683,2016,Medicine and Surgery,مجلس ابو ظبي للتعليم,2
1686,2020,Pharmacists and Pharmacy Technicians,Ministry of National Guard,2
1688,2016,Dentistry and Related Specialties,وزارة الداخلية / الاستخبارات العامه,2
1691,2021,Laboratories and Medical Technology,"Al Noor Specialist Hospital, Mecca",2
1692,2016,Medicine and Surgery,وزارة التعليم,2
1694,2022,Pharmacists and Pharmacy Technicians,Prince Sultan Military Medical City,2
1695,2019,Medicine and Surgery,وزارة الداخلية / الاستخبارات العامه,2
1697,2021,Medicine and Surgery,Al Jouf University,2
1698,2016,Medicine and Surgery,جامعة شقراء,2
1699,2022,Pharmacists and Pharmacy Technicians,وزارة الدفاع - تشغيل ذاتي,2
1702,2016,Dentistry and Related Specialties,وزارة الدفاع / القوات البريه,2
1703,2016,Nursing and Midwifery,Unknown,2
1704,2020,Pharmacists and Pharmacy Technicians,Prince Sultan Military Medical City,2
1705,2016,Pharmacists and Pharmacy Technicians,King Fahad Medical City in Riyadh,2
1706,2016,Laboratories and Medical Technology,King Abdullah Medical City in Mecca,2
1708,2016,Pharmacists and Pharmacy Technicians,King Saud Medical City in Riyadh,2
1710,2016,Medicine and Surgery,Saud Al Babtain Cardiac Center,2
1711,2021,Dentistry and Related Specialties,King Faisal Specialist Hospital & Research Centre,2
1714,2021,Medicine and Surgery,جامعة الملك فيصل الدمام,2
1719,2019,Dentistry and Related Specialties,مستشفى القوات المسلحة (الخدمات الطبية),2
1722,2019,Dentistry and Related Specialties,مستشفى الملك فهد للحرس الوطني,2
1724,2017,Medicine and Surgery,"King Abdulaziz Hospital, Mecca",2
1727,2019,Dentistry and Related Specialties,وزارة الدفاع / القوات الجويه,2
1728,2021,Dentistry and Related Specialties,"Prince Mohammad Bin Abdulaziz Hospital, Riyadh",2
1731,2017,Medicine and Surgery,Saud Al Babtain Cardiac Center,2
1734,2021,Dentistry and Related Specialties,Prince Sattam Bin Abdulaziz University,2
1739,2020,Medicine and Surgery,جامعة شقراء,2
1740,2017,Medicine and Surgery,Prince Sultan Military Medical City,2
1742,2016,Medicine and Surgery,King Abdullah bin Abdulaziz University Hospital,2
1745,2019,Dentistry and Related Specialties,جامعة طيبة,2
1746,2016,Medicine and Surgery,"King Abdulaziz Hospital, Mecca",2
1748,2017,Medicine and Surgery,Albaha University,2
1749,2017,Laboratories and Medical Technology,King Abdullah Medical City in Mecca,2
1751,2019,Medicine and Surgery,جامعة شقراء,2
1752,2019,Medicine and Surgery,جامعة سلمان بن عبدالعزيز,2
1753,2020,Nursing and Midwifery,King Faisal Medical City for Southern Regions,2
1757,2021,Medicine and Surgery,Prince Sattam Bin Abdulaziz University,2
1758,2019,Nursing and Midwifery,King Fahad Medical City in Riyadh,2
1764,2016,Medicine and Surgery,هيئة الهلال الاحمر,2
1766,2019,Laboratories and Medical Technology,King Abdullah Medical City in Mecca,2
1768,2020,Medicine and Surgery,وزارة الداخلية / الاستخبارات العامه,2
1770,2019,Nursing and Midwifery,King Faisal Specialist Hospital & Research Centre,2
1773,2017,Laboratories and Medical Technology,وزارة الدفاع - خدمات طبيه,2
1774,2019,Pharmacists and Pharmacy Technicians,وزارة الدفاع / القوات البريه,1
1775,2022,Pharmacists and Pharmacy Technicians,مستشفى الملك حمد الجامعي,1
1777,2022,Unknown,Imam Abdul Rahman Bin Faisal University,1
1779,2019,Unknown,وزارة الدفاع - تشغيل ذاتي,1
1780,2022,Medicine and Surgery,"King Abdulaziz Hospital, Mecca",1
1781,2019,Unknown,King Fahad Medical City in Riyadh,1
1782,2019,Medicine and Surgery,شركة أبوظبي للخدمات الصحية- صحة,1
1783,2022,Medicine and Surgery,King Abdullah bin Abdulaziz University Hospital,1
1784,2019,Unknown,"King Fahad Specialist Hospital, Damam",1
1785,2022,Unknown,King Fahad Medical City in Riyadh,1
1786,2019,Unknown,مركز الأمير سلطان لمعالجة أمراض وجراحة القلب للقوات المسلحة,1
1787,2022,Unknown,Ministry of Health,1
1790,2022,Unknown,Ministry of National Guard,1
1791,2019,Medicine and Surgery,رئاسة أمن الدولة,1
1793,2019,Nursing and Midwifery,"king AbdulAziz Specialist Hospital, Taif",1
1794,2022,Pharmacists and Pharmacy Technicians,جامعة الملك سعود بالرياض,1
1797,2019,Pharmacists and Pharmacy Technicians,Ministry of Interior Medical Services,1
1798,2022,Medicine and Surgery,Taif University,1
1800,2019,Nursing and Midwifery,Al Jouf University,1
1801,2019,Pharmacists and Pharmacy Technicians,"King Saud Hospital, Unaizah",1
1802,2022,Medicine and Surgery,وزارة الدفاع - البحرين,1
1803,2022,Medicine and Surgery,وزارة الداخلية قوات الامن الخاصة,1
1804,2019,Nursing and Midwifery,King Faisal Medical City for Southern Regions,1
1805,2019,Pharmacists and Pharmacy Technicians,"King Fahad Specialist Hospital, Damam",1
1807,2022,Medicine and Surgery,جامعة بيشة,1
1808,2022,Pharmacists and Pharmacy Technicians,جامعة الملك خالد,1
1809,2022,Medicine and Surgery,هيئة الهلال الاحمر,1
1810,2022,Medicine and Surgery,مستشفى الملك خالد للحرس الوطني,1
1812,2019,Nursing and Midwifery,"Prince Mohammad Bin Abdulaziz Hospital, Riyadh",1
1813,2019,Pharmacists and Pharmacy Technicians,Imam Abdul Rahman Bin Faisal University,1
1814,2022,Medicine and Surgery,جامعة جازان,1
1815,2019,Nursing and Midwifery,جامعة طيبة,1
1816,2022,Medicine and Surgery,قطاع خاص,1
1817,2022,Medicine and Surgery,جامعة طيبة,1
1819,2019,Nursing and Midwifery,برنامج الخدمات الصحية للهيئة الملكية بالجبيل RCH,1
1821,2022,Medicine and Surgery,Prince Sultan Military Medical City,1
1822,2022,Medicine and Surgery,وزارة الدفاع / القوات البحريه,1
1823,2022,Medicine and Surgery,وزارة الصحة - البحرين,1
1824,2022,Pharmacists and Pharmacy Technicians,Umm Al Qura University,1
1826,2022,Medicine and Surgery,"King Salman Specialist Hospital, Hail",1
1827,2019,Medicine and Surgery,هيئة الهلال الاحمر,1
1829,2019,Medicine and Surgery,وزارة التعليم,1
1830,2022,Pharmacists and Pharmacy Technicians,Saud Al Babtain Cardiac Center,1
1831,2022,Medicine and Surgery,Ministry of Interior,1
1833,2019,Pharmacists and Pharmacy Technicians,جامعة الملك خالد,1
1834,2022,Medicine and Surgery,"Prince Mohammad Bin Abdulaziz Hospital, Riyadh",1
1835,2019,Pharmacists and Pharmacy Technicians,"king AbdulAziz Specialist Hospital, Taif",1
1836,2022,Pharmacists and Pharmacy Technicians,"Prince Mohammad Bin Abdulaziz Hospital, Riyadh",1
1838,2019,Medicine and Surgery,وزارة الداخلية / الكلية الامنية,1
1839,2019,Medicine and Surgery,وزارة الداخلية / المباحث العامة,1
1840,2019,Pharmacists and Pharmacy Technicians,"Royal Commission Medical Center, Yanbu",1
1842,2019,Pharmacists and Pharmacy Technicians,Prince Mohammed Bin Abdulaziz Hospital,1
1843,2022,Pharmacists and Pharmacy Technicians,King Faisal Specialist Hospital & Research Centre,1
1844,2019,Medicine and Surgery,وزارة الدفاع / القوات البحريه,1
1845,2022,Pharmacists and Pharmacy Technicians,King Abdullah Medical City in Mecca,1
1846,2022,Medicine and Surgery,وزارة الصحة - الكويت,1
1847,2019,Medicine and Surgery,وزارة الدفاع - عمان,1
1848,2021,Nursing and Midwifery,مستشفى القوات المسلحة (الخدمات الطبية),1
1849,2019,Unknown,وزارة الدفاع - خدمات طبيه,1
1850,2020,Pharmacists and Pharmacy Technicians,"Prince Mohammad Bin Abdulaziz Hospital, Riyadh",1
1852,2020,Nursing and Midwifery,Ministry of Interior,1
1853,2020,Nursing and Midwifery,Princess Nourah Bint Abdul Rahman University,1
1856,2020,Nursing and Midwifery,برنامج الخدمات الصحية للهيئة الملكية بالجبيل RCH,1
1857,2021,Medicine and Surgery,King Abdullah bin Abdulaziz University Hospital,1
1858,2020,Nursing and Midwifery,مستشفى القوات المسلحة (الخدمات الطبية),1
1860,2020,Nursing and Midwifery,وزارة الدفاع - خدمات طبيه,1
1862,2020,Pharmacists and Pharmacy Technicians,Imam Abdul Rahman Bin Faisal University,1
1864,2020,Pharmacists and Pharmacy Technicians,King Fahad Medical City in Riyadh,1
1866,2021,Medicine and Surgery,Albaha University,1
1867,2020,Pharmacists and Pharmacy Technicians,King Saud Medical City in Riyadh,1
1868,2021,Medicine and Surgery,Prince Abdulrahman Advanced Dental Institute,1
1870,2020,Nursing and Midwifery,King Fahad Medical City in Riyadh,1
1871,2021,Medicine and Surgery,الخدمات الطبية لقوات الأمن الخاصة,1
1873,2020,Medicine and Surgery,شركة أبوظبي للخدمات الصحية- صحة,1
1875,2020,Medicine and Surgery,مجموعة بقشان,1
1878,2021,Medicine and Surgery,المجلس العماني للاختصاصات الطبية,1
1880,2020,Nursing and Midwifery,"Al Noor Specialist Hospital, Mecca",1
1882,2021,Medicine and Surgery,Saud Al Babtain Cardiac Center,1
1883,2020,Medicine and Surgery,وزارة الداخلية / الكلية الامنية,1
1884,2020,Medicine and Surgery,وزارة الداخلية / المباحث العامة,1
1885,2020,Medicine and Surgery,وزارة الدفاع - عمان,1
1888,2020,Pharmacists and Pharmacy Technicians,Ministry of Interior,1
1889,2020,Pharmacists and Pharmacy Technicians,Prince Mohammed Bin Abdulaziz Hospital,1
1890,2020,Medicine and Surgery,جامعة سلمان بن عبدالعزيز,1
1891,2020,Pharmacists and Pharmacy Technicians,Umm Al Qura University,1
1892,2021,Dentistry and Related Specialties,Dr. Soliman Fakeeh Hospital,1
1893,2021,Dentistry and Related Specialties,Dr. Sulaiman Al Habib Hospital - Takhassusi,1
1895,2021,Dentistry and Related Specialties,"King Abdulaziz Hospital for National Guards, Al Hassa",1
1896,2021,Dentistry and Related Specialties,مركز الأمير سلطان لمعالجة أمراض وجراحة القلب للقوات المسلحة,1
1897,2021,Dentistry and Related Specialties,رئاسة أمن الدولة,1
1898,2021,Dentistry and Related Specialties,King Fahad General Hospital - Jeddah,1
1899,2021,Dentistry and Related Specialties,جامعة جازان,1
1901,2021,Dentistry and Related Specialties,جامعة الملك سعود بالرياض,1
1906,2021,Dentistry and Related Specialties,Umm Al Qura University,1
1907,2021,Dentistry and Related Specialties,Prince Abdulrahman Advanced Dental Institute,1
1908,2021,Dentistry and Related Specialties,Princess Nourah Bint Abdul Rahman University,1
1909,2021,Dentistry and Related Specialties,وزارة الدفاع / القوات البحريه,1
1910,2021,Dentistry and Related Specialties,Albaha University,1
1911,2021,Dentistry and Related Specialties,Al Jouf University,1
1912,2021,Laboratories and Medical Technology,King Saud Medical City in Riyadh,1
1914,2020,Pharmacists and Pharmacy Technicians,"king AbdulAziz Specialist Hospital, Taif",1
1915,2021,Laboratories and Medical Technology,مركز الأمير سلطان لمعالجة أمراض وجراحة القلب للقوات المسلحة,1
1916,2020,Pharmacists and Pharmacy Technicians,مركز الأمير سلطان لمعالجة أمراض وجراحة القلب للقوات المسلحة,1
1917,2021,Laboratories and Medical Technology,جامعة جدة,1
1918,2021,Laboratories and Medical Technology,Ministry of Defense,1
1919,2020,Pharmacists and Pharmacy Technicians,وزارة الدفاع / القوات البريه,1
1920,2020,Unknown,"King Fahad Specialist Hospital, Damam",1
1921,2020,Unknown,وزارة الدفاع - تشغيل ذاتي,1
1922,2020,Unknown,King Faisal Specialist Hospital & Research Centre,1
1923,2021,Laboratories and Medical Technology,King Faisal Medical City for Southern Regions,1
1924,2021,Laboratories and Medical Technology,King Fahad Medical City in Riyadh,1
1925,2021,Laboratories and Medical Technology,Dallah Hospitals,1
1926,2020,Unknown,Security Forces Hospital - Riyadh,1
1928,2020,Unknown,مركز الأمير سلطان لمعالجة أمراض وجراحة القلب للقوات المسلحة,1
1930,2021,Medicine and Surgery,جامعة شقراء,1
1931,2020,Dentistry and Related Specialties,Al Jouf University,1
1932,2020,Laboratories and Medical Technology,"Prince Mohammad Bin Abdulaziz Hospital, Riyadh",1
1933,2020,Dentistry and Related Specialties,جامعة جازان,1
1934,2020,Dentistry and Related Specialties,رئاسة أمن الدولة,1
1935,2020,Dentistry and Related Specialties,مركز الأمير سلطان لمعالجة أمراض وجراحة القلب للقوات المسلحة,1
1936,2020,Dentistry and Related Specialties,مستشفى القوات المسلحة (الخدمات الطبية),1
1937,2020,Dentistry and Related Specialties,مستشفى الملك فهد للحرس الوطني,1
1938,2021,Pharmacists and Pharmacy Technicians,مستشفى الملك حمد الجامعي,1
1939,2021,Pharmacists and Pharmacy Technicians,مركز الأمير سلطان لمعالجة أمراض وجراحة القلب للقوات المسلحة,1
1940,2021,Pharmacists and Pharmacy Technicians,جامعة الملك فيصل بالاحساء,1
1941,2021,Pharmacists and Pharmacy Technicians,جامعة الملك خالد,1
1945,2020,Dentistry and Related Specialties,وزارة الدفاع / القوات البحريه,1
1946,2021,Pharmacists and Pharmacy Technicians,Security Forces Hospital - Riyadh,1
1947,2021,Pharmacists and Pharmacy Technicians,"Prince Mohammad Bin Abdulaziz Hospital, Riyadh",1
1948,2020,Laboratories and Medical Technology,King Faisal Medical City for Southern Regions,1
1951,2021,Pharmacists and Pharmacy Technicians,وزارة الدفاع / القوات الجويه,1
1952,2021,Unknown,Imam Abdul Rahman Bin Faisal University,1
1953,2022,Dentistry and Related Specialties,جامعة الملك خالد,1
1954,2020,Dentistry and Related Specialties,Albaha University,1
1955,2020,Dentistry and Related Specialties,"King Abdulaziz Hospital, Mecca",1
1957,2022,Medicine and Surgery,Dr. Sulaiman Al Habib Hospital - Takhassusi,1
1958,2022,Medicine and Surgery,Albaha University,1
1959,2022,Medicine and Surgery,"Al Noor Specialist Hospital, Mecca",1
1960,2020,Dentistry and Related Specialties,King Faisal Medical City for Southern Regions,1
1961,2022,Dentistry and Related Specialties,King Saud Medical City in Riyadh,1
1962,2021,Unknown,King Fahad Medical City in Riyadh,1
1963,2021,Unknown,Security Forces Hospital - Riyadh,1
1965,2020,Dentistry and Related Specialties,Ministry of Interior Medical Services,1
1967,2020,Dentistry and Related Specialties,"Prince Mohammad Bin Abdulaziz Hospital, Riyadh",1
1968,2020,Dentistry and Related Specialties,Princess Nourah Bint Abdul Rahman University,1
1969,2020,Dentistry and Related Specialties,Security Forces Hospital - Riyadh,1
1971,2021,Pharmacists and Pharmacy Technicians,"King Saud Hospital, Unaizah",1
1972,2021,Medicine and Surgery,جامعة نجران,1
1973,2020,Laboratories and Medical Technology,جامعة الملك سعود بالرياض,1
1974,2021,Nursing and Midwifery,International Medical Center,1
1977,2021,Medicine and Surgery,وزارة الدفاع / القوات البحريه,1
1979,2021,Medicine and Surgery,وزارة الدفاع - عمان,1
1981,2021,Medicine and Surgery,وزارة الداخلية قوات الامن الخاصة,1
1982,2021,Medicine and Surgery,وزارة الداخلية / الاستخبارات العامه,1
1989,2021,Medicine and Surgery,مجموعة بقشان,1
1991,2021,Nursing and Midwifery,King Fahad Medical City in Riyadh,1
1994,2021,Nursing and Midwifery,جامعة الملك خالد,1
1996,2020,Laboratories and Medical Technology,جامعة جدة,1
1997,2021,Pharmacists and Pharmacy Technicians,Dr. Sulaiman Al Habib Hospital - Takhassusi,1
1998,2021,Pharmacists and Pharmacy Technicians,"Al Noor Specialist Hospital, Mecca",1
1999,2021,Dentistry and Related Specialties,Prince Sultan Military Medical City,1
2001,2021,Nursing and Midwifery,جامعة جازان,1
2002,2021,Nursing and Midwifery,الخدمات الطبية لقوات الأمن الخاصة,1
2003,2020,Medicine and Surgery,"King Saud Hospital, Unaizah",1
2005,2020,Medicine and Surgery,"King Abdulaziz Hospital, Mecca",1
2006,2021,Nursing and Midwifery,Saud Al Babtain Cardiac Center,1
2007,2021,Nursing and Midwifery,Princess Nourah Bint Abdul Rahman University,1
2008,2021,Nursing and Midwifery,King Faisal Medical City for Southern Regions,1
2011,2021,Dentistry and Related Specialties,King Faisal Medical City for Southern Regions,1
2012,2017,Unknown,وزارة الدفاع - تشغيل ذاتي,1
2084,2016,Laboratories and Medical Technology,تعاقد شخصي,1
2085,2016,Laboratories and Medical Technology,جامعة الملك سعود بالرياض,1
2088,2016,Medicine and Surgery,Albaha University,1
2091,2016,Medicine and Surgery,Dr. Sulaiman Al Habib Hospital - Takhassusi,1
2098,2016,Medicine and Surgery,"King Salman Specialist Hospital, Hail",1
2099,2016,Laboratories and Medical Technology,Ministry of Interior Medical Services,1
2102,2016,Medicine and Surgery,Prince Sultan Military Medical City,1
2106,2016,Medicine and Surgery,المركز الوطني للطب البديل,1
2114,2016,Laboratories and Medical Technology,Security Forces Hospital - Riyadh,1
2115,2016,Laboratories and Medical Technology,Ministry of Interior,1
2117,2016,Dentistry and Related Specialties,"King Abdulaziz Medical City for National Guard, Jeddah",1
2131,2016,Dentistry and Related Specialties,Imam Abdul Rahman Bin Faisal University,1
2132,2016,Dentistry and Related Specialties,King Fahad Medical City in Riyadh,1
2133,2016,Laboratories and Medical Technology,King Fahad Medical City in Riyadh,1
2134,2016,Dentistry and Related Specialties,"King Fahad Specialist Hospital, Damam",1
2136,2016,Dentistry and Related Specialties,Prince Abdulrahman Advanced Dental Institute,1
2137,2016,Dentistry and Related Specialties,Princess Nourah Bint Abdul Rahman University,1
2138,2016,Dentistry and Related Specialties,Unknown,1
2139,2016,Dentistry and Related Specialties,المجلس العماني للاختصاصات الطبية,1
2141,2016,Dentistry and Related Specialties,جامعة طيبة,1
2142,2016,Dentistry and Related Specialties,قطاع خاص,1
2143,2016,Dentistry and Related Specialties,مركز الأمير سلطان لمعالجة أمراض وجراحة القلب للقوات المسلحة,1
2145,2016,Dentistry and Related Specialties,وزارة الداخلية / الكلية الامنية,1
2146,2016,Dentistry and Related Specialties,وزارة الداخلية قوات الامن الخاصة,1
2288,2018,Medicine and Surgery,وزارة الداخلية / الكلية الامنية,1
2289,2018,Medicine and Surgery,وزارة التعليم,1
2292,2018,Medicine and Surgery,مجلس ابو ظبي للتعليم,1
2299,2018,Medicine and Surgery,المركز الوطني للطب البديل,1
2300,2018,Medicine and Surgery,الخدمات الطبية لقوات الأمن الخاصة,1
2302,2018,Medicine and Surgery,وزارة الدفاع / القوات البحريه,1
2303,2018,Nursing and Midwifery,Al Jouf University,1
2304,2018,Nursing and Midwifery,"King Fahad Specialist Hospital, Damam",1
2305,2018,Nursing and Midwifery,King Faisal Specialist Hospital & Research Centre,1
2307,2018,Nursing and Midwifery,"Royal Commission Medical Center, Yanbu",1
2308,2018,Nursing and Midwifery,جامعة الملك خالد,1
2309,2018,Nursing and Midwifery,جامعة طيبة,1
2310,2018,Pharmacists and Pharmacy Technicians,Imam Abdul Rahman Bin Faisal University,1
2311,2018,Pharmacists and Pharmacy Technicians,"King Abdulaziz Medical City for National Guard, Jeddah",1
2312,2018,Pharmacists and Pharmacy Technicians,"King Fahad Specialist Hospital, Damam",1
2313,2018,Pharmacists and Pharmacy Technicians,"King Faisal Specialist Hospital & Research Centre, Jeddah",1
2314,2018,Pharmacists and Pharmacy Technicians,"King Saud Hospital, Unaizah",1
2316,2018,Pharmacists and Pharmacy Technicians,Ministry of Interior,1
2317,2018,Pharmacists and Pharmacy Technicians,Ministry of Interior Medical Services,1
2318,2018,Pharmacists and Pharmacy Technicians,"Prince Mohammad Bin Abdulaziz Hospital, Riyadh",1
2322,2018,Laboratories and Medical Technology,جامعة الملك سعود بالرياض,1
2323,2018,Dentistry and Related Specialties,"King Abdulaziz Medical City for National Guard, Jeddah",1
2328,2018,Dentistry and Related Specialties,جامعة جازان,1
2329,2018,Dentistry and Related Specialties,وزارة الداخلية / الكلية الامنية,1
2331,2018,Laboratories and Medical Technology,King Abdulaziz Medical City for National Guard in Riyadh,1
2333,2018,Laboratories and Medical Technology,Ministry of Interior,1
2334,2018,Laboratories and Medical Technology,Ministry of Interior Medical Services,1
2335,2018,Laboratories and Medical Technology,Security Forces Hospital - Riyadh,1
2336,2018,Laboratories and Medical Technology,تعاقد شخصي,1
2337,2018,Laboratories and Medical Technology,جامعة الملك عبد العزيز جدة,1
2339,2018,Medicine and Surgery,Dr. Sulaiman Al Habib Hospital - Takhassusi,1
2344,2018,Medicine and Surgery,King Abdullah bin Abdulaziz University Hospital,1
2350,2018,Medicine and Surgery,"King Salman Specialist Hospital, Hail",1
2353,2018,Pharmacists and Pharmacy Technicians,"Royal Commission Medical Center, Yanbu",1
2355,2018,Pharmacists and Pharmacy Technicians,university of tabuk,1
2356,2019,Medicine and Surgery,"King Saud Hospital, Unaizah",1
2357,2019,Laboratories and Medical Technology,جامعة الملك سعود بالرياض,1
2358,2019,Laboratories and Medical Technology,جامعة الملك عبد العزيز جدة,1
2359,2019,Laboratories and Medical Technology,جامعة جدة,1
2360,2019,Laboratories and Medical Technology,وزارة الدفاع - تشغيل ذاتي,1
2364,2019,Medicine and Surgery,"King Abdulaziz Hospital, Mecca",1
2367,2019,Medicine and Surgery,King Abdullah bin Abdulaziz University Hospital,1
2368,2019,Medicine and Surgery,King Fahad General Hospital - Jeddah,1
2370,2019,Medicine and Surgery,"King Salman Specialist Hospital, Hail",1
2372,2019,Laboratories and Medical Technology,Security Forces Hospital - Riyadh,1
2381,2019,Medicine and Surgery,الخدمات الطبية لقوات الأمن الخاصة,1
2382,2019,Medicine and Surgery,المجلس العماني للاختصاصات الطبية,1
2383,2019,Medicine and Surgery,المركز الوطني للطب البديل,1
2387,2019,Laboratories and Medical Technology,تعاقد شخصي,1
2388,2019,Laboratories and Medical Technology,"Prince Mohammad Bin Abdulaziz Hospital, Riyadh",1
2391,2018,Pharmacists and Pharmacy Technicians,مستشفى الملك حمد الجامعي,1
2392,2018,Unknown,King Fahad Medical City in Riyadh,1
2393,2018,Unknown,Security Forces Hospital - Riyadh,1
2395,2018,Unknown,جامعة القصيم,1
2396,2018,Unknown,مركز الأمير سلطان لمعالجة أمراض وجراحة القلب للقوات المسلحة,1
2397,2018,Unknown,وزارة الدفاع - تشغيل ذاتي,1
2398,2018,Unknown,وزارة الدفاع - خدمات طبيه,1
2399,2019,Dentistry and Related Specialties,"Al Noor Specialist Hospital, Mecca",1
2400,2019,Dentistry and Related Specialties,"King Abdulaziz Hospital, Mecca",1
2404,2019,Dentistry and Related Specialties,Ministry of Interior Medical Services,1
2405,2019,Dentistry and Related Specialties,Prince Abdulrahman Advanced Dental Institute,1
2406,2019,Laboratories and Medical Technology,Ministry of Interior Medical Services,1
2407,2019,Dentistry and Related Specialties,"Prince Mohammad Bin Abdulaziz Hospital, Riyadh",1
2408,2019,Dentistry and Related Specialties,Prince Sattam Bin Abdulaziz University,1
2409,2019,Dentistry and Related Specialties,Security Forces Hospital - Riyadh,1
2413,2019,Dentistry and Related Specialties,جامعة جازان,1
2414,2019,Dentistry and Related Specialties,رئاسة أمن الدولة,1
2415,2019,Dentistry and Related Specialties,مستشفى الملك خالد للحرس الوطني,1
2418,2019,Dentistry and Related Specialties,وزارة الدفاع / القوات البحريه,1
2419,2019,Laboratories and Medical Technology,King Faisal Medical City for Southern Regions,1
2422,2017,Unknown,مركز الأمير سلطان لمعالجة أمراض وجراحة القلب للقوات المسلحة,1
2423,2017,Unknown,جامعة طيبة,1
2424,2017,Dentistry and Related Specialties,مستشفى القوات المسلحة (الخدمات الطبية),1
2425,2016,Unknown,وزارة الدفاع - تشغيل ذاتي,1
2426,2017,Dentistry and Related Specialties,"King Abdulaziz Medical City for National Guard, Jeddah",1
2427,2017,Dentistry and Related Specialties,King Fahad Medical City in Riyadh,1
2428,2017,Dentistry and Related Specialties,"King Fahad Specialist Hospital, Damam",1
2435,2017,Dentistry and Related Specialties,جامعة جازان,1
2436,2017,Dentistry and Related Specialties,جامعة طيبة,1
2437,2017,Dentistry and Related Specialties,قطاع خاص,1
2438,2017,Dentistry and Related Specialties,مركز الأمير سلطان لمعالجة أمراض وجراحة القلب للقوات المسلحة,1
2440,2016,Unknown,جامعة طيبة,1
2441,2017,Dentistry and Related Specialties,وزارة الداخلية / الاستخبارات العامه,1
2442,2017,Dentistry and Related Specialties,وزارة الداخلية / الكلية الامنية,1
2443,2017,Dentistry and Related Specialties,وزارة الداخلية قوات الامن الخاصة,1
2446,2017,Laboratories and Medical Technology,King Fahad Medical City in Riyadh,1
2448,2017,Laboratories and Medical Technology,Ministry of Interior,1
2449,2017,Laboratories and Medical Technology,Ministry of Interior Medical Services,1
2450,2017,Laboratories and Medical Technology,Security Forces Hospital - Riyadh,1
2451,2017,Laboratories and Medical Technology,Unknown,1
2452,2017,Laboratories and Medical Technology,تعاقد شخصي,1
2453,2017,Laboratories and Medical Technology,جامعة الملك سعود بالرياض,1
2454,2017,Medicine and Surgery,Dr. Sulaiman Al Habib Hospital - Takhassusi,1
2455,2016,Unknown,مركز الأمير سلطان لمعالجة أمراض وجراحة القلب للقوات المسلحة,1
2456,2016,Unknown,جامعة القصيم,1
2458,2016,Nursing and Midwifery,Ministry of National Guard,1
2460,2016,Medicine and Surgery,وزارة الداخلية / الكلية الامنية,1
2461,2016,Medicine and Surgery,وزارة الداخلية / المباحث العامة,1
2462,2016,Medicine and Surgery,وزارة الداخلية قوات الامن الخاصة,1
2463,2016,Medicine and Surgery,وزارة الدفاع - الكويت,1
2465,2016,Medicine and Surgery,وزارة الدفاع - عمان,1
2466,2016,Medicine and Surgery,وزارة الدفاع / القوات البحريه,1
2468,2016,Medicine and Surgery,وزارة الصحة - عمان,1
2469,2016,Nursing and Midwifery,King Fahad Medical City in Riyadh,1
2470,2016,Nursing and Midwifery,"King Fahad Specialist Hospital, Damam",1
2471,2016,Nursing and Midwifery,King Faisal Medical City for Southern Regions,1
2472,2016,Nursing and Midwifery,Ministry of Defense,1
2473,2016,Pharmacists and Pharmacy Technicians,Imam Abdul Rahman Bin Faisal University,1
2474,2016,Unknown,Unknown,1
2476,2016,Pharmacists and Pharmacy Technicians,"King Faisal Specialist Hospital & Research Centre, Jeddah",1
2477,2016,Pharmacists and Pharmacy Technicians,Ministry of Defense,1
2480,2016,Pharmacists and Pharmacy Technicians,"Prince Mohammad Bin Abdulaziz Hospital, Riyadh",1
2481,2016,Pharmacists and Pharmacy Technicians,university of tabuk,1
2482,2016,Pharmacists and Pharmacy Technicians,جامعة الملك عبد العزيز جدة,1
2483,2016,Pharmacists and Pharmacy Technicians,مركز الأمير سلطان لمعالجة أمراض وجراحة القلب للقوات المسلحة,1
2484,2016,Pharmacists and Pharmacy Technicians,مستشفى القوات المسلحة (الخدمات الطبية),1
2485,2016,Unknown,Imam Abdul Rahman Bin Faisal University,1
2486,2016,Unknown,King Fahad Medical City in Riyadh,1
2487,2016,Unknown,"King Fahad Specialist Hospital, Damam",1
2488,2016,Unknown,Security Forces Hospital - Riyadh,1
2491,2017,Unknown,جامعة القصيم,1
2492,2017,Pharmacists and Pharmacy Technicians,Imam Abdul Rahman Bin Faisal University,1
2493,2017,Medicine and Surgery,وزارة الدفاع - عمان,1
2494,2017,Medicine and Surgery,وزارة الدفاع / القوات البحريه,1
2495,2017,Medicine and Surgery,وزارة الصحة - عمان,1
2496,2017,Nursing and Midwifery,King Fahad Medical City in Riyadh,1
2497,2017,Nursing and Midwifery,"King Fahad Specialist Hospital, Damam",1
2498,2017,Nursing and Midwifery,King Faisal Medical City for Southern Regions,1
2499,2017,Nursing and Midwifery,Ministry of Interior,1
2500,2017,Nursing and Midwifery,"Royal Commission Medical Center, Yanbu",1
2501,2017,Nursing and Midwifery,Saud Al Babtain Cardiac Center,1
2503,2017,Nursing and Midwifery,جامعة الملك خالد,1
2504,2017,Nursing and Midwifery,جامعة الملك عبد العزيز جدة,1
2505,2017,Nursing and Midwifery,وزارة الدفاع - خدمات طبيه,1
2506,2017,Pharmacists and Pharmacy Technicians,Dallah Hospitals,1
2507,2017,Pharmacists and Pharmacy Technicians,"King Abdulaziz Medical City for National Guard, Jeddah",1
2508,2017,Medicine and Surgery,وزارة الداخلية قوات الامن الخاصة,1
2509,2017,Pharmacists and Pharmacy Technicians,"King Faisal Specialist Hospital & Research Centre, Jeddah",1
2510,2017,Pharmacists and Pharmacy Technicians,King Saud Medical City in Riyadh,1
2511,2017,Pharmacists and Pharmacy Technicians,Ministry of Interior,1
2512,2017,Pharmacists and Pharmacy Technicians,Ministry of Interior Medical Services,1
2513,2017,Pharmacists and Pharmacy Technicians,Security Forces Hospital - Riyadh,1
2514,2017,Pharmacists and Pharmacy Technicians,Umm Al Qura University,1
2516,2017,Pharmacists and Pharmacy Technicians,university of tabuk,1
2518,2017,Pharmacists and Pharmacy Technicians,مستشفى الملك حمد الجامعي,1
2519,2017,Unknown,King Fahad Medical City in Riyadh,1
2520,2017,Unknown,"King Fahad Specialist Hospital, Damam",1
2521,2017,Unknown,King Faisal Specialist Hospital & Research Centre,1
2522,2017,Unknown,Security Forces Hospital - Riyadh,1
2524,2017,Medicine and Surgery,وزارة الداخلية / الكلية الامنية,1
2529,2017,Medicine and Surgery,King Abdullah bin Abdulaziz University Hospital,1
2532,2017,Medicine and Surgery,"King Salman Specialist Hospital, Hail",1
2540,2017,Medicine and Surgery,Umm Al Qura University,1
2541,2017,Medicine and Surgery,المركز الوطني للطب البديل,1
2542,2017,Medicine and Surgery,هيئة الهلال الاحمر,1
2551,2017,Medicine and Surgery,مجلس ابو ظبي للتعليم,1
